1957;at;3;nl;Total
1957;be;4;nl;Total
1957;dk;1;nl;Total
1957;fr;1;nl;Total
1957;de;3;nl;Total
1957;it;7;nl;Total
1957;lu;1;nl;Total
1957;nl; ;nl;Total
1957;at;6;fr;Total
1957;be;4;fr;Total
1957;dk;1;fr;Total
1957;fr;2;fr;Total
1957;de; ;fr;Total
1957;at;2;dk;Total
1957;be; ;dk;Total
1957;at;1;lu;Total
1957;be; ;lu;Total
1957;at;1;de;Total
1957;be; ;de;Total
1957;at;1;it;Total
1957;be;2;it;Total
1957;dk;2;it;Total
1957;fr; ;it;Total
1957;at;1;gb;Total
1957;be;1;gb;Total
1957;dk;2;gb;Total
1957;fr; ;gb;Total
1957;at;1;be;Total
1957;be; ;be;Total
1957;at;1;ch;Total
1957;be;1;ch;Total
1957;dk; ;ch;Total
1957;at; ;at;Total
1958;at;9;fr;Total
1958;be;1;fr;Total
1958;dk;6;fr;Total
1958;fr;1;fr;Total
1958;de;1;fr;Total
1958;it;1;fr;Total
1958;lu; ;fr;Total
1958;at;4;ch;Total
1958;be;5;ch;Total
1958;dk;6;ch;Total
1958;fr;4;ch;Total
1958;de; ;ch;Total
1958;at;1;it;Total
1958;be;4;it;Total
1958;dk;1;it;Total
1958;fr;1;it;Total
1958;de;1;it;Total
1958;it; ;it;Total
1958;at;3;se;Total
1958;be;2;se;Total
1958;dk;3;se;Total
1958;fr; ;se;Total
1958;at;1;be;Total
1958;be;1;be;Total
1958;dk; ;be;Total
1958;at;1;at;Total
1958;be;1;at;Total
1958;dk;2;at;Total
1958;fr; ;at;Total
1958;at;2;de;Total
1958;be;1;de;Total
1958;dk; ;de;Total
1958;at;1;dk;Total
1958;be; ;dk;Total
1959;at;4;nl;Total
1959;be;2;nl;Total
1959;dk;7;nl;Total
1959;fr;1;nl;Total
1959;de;1;nl;Total
1959;it; ;nl;Total
1959;at;1;gb;Total
1959;be;1;gb;Total
1959;dk;2;gb;Total
1959;fr;5;gb;Total
1959;de;3;gb;Total
1959;it; ;gb;Total
1959;at;4;fr;Total
1959;be;4;fr;Total
1959;dk;1;fr;Total
1959;fr;2;fr;Total
1959;de;1;fr;Total
1959;it; ;fr;Total
1959;at;2;ch;Total
1959;be;1;ch;Total
1959;dk;1;ch;Total
1959;fr;3;ch;Total
1959;de;5;ch;Total
1959;it; ;ch;Total
1959;at;1;dk;Total
1959;be;1;dk;Total
1959;dk;4;dk;Total
1959;fr;1;dk;Total
1959;de;2;dk;Total
1959;it; ;dk;Total
1959;at;1;it;Total
1959;be;1;it;Total
1959;dk;3;it;Total
1959;fr; ;it;Total
1959;at;1;be;Total
1959;be;1;be;Total
1959;dk;2;be;Total
1959;fr; ;be;Total
1959;at;1;de;Total
1959;be;1;de;Total
1959;dk; ;de;Total
1959;at; ;se;Total
1959;at;1;at;Total
1959;be; ;at;Total
1960;at;4;fr;Total
1960;be;1;fr;Total
1960;dk;1;fr;Total
1960;fr;5;fr;Total
1960;de;2;fr;Total
1960;it;5;fr;Total
1960;lu;4;fr;Total
1960;mc;1;fr;Total
1960;nl;5;fr;Total
1960;no; ;fr;Total
1960;at;1;gb;Total
1960;be;2;gb;Total
1960;dk;5;gb;Total
1960;fr;1;gb;Total
1960;de;5;gb;Total
1960;it;2;gb;Total
1960;lu;1;gb;Total
1960;mc;4;gb;Total
1960;nl; ;gb;Total
1960;at;7;mc;Total
1960;be;1;mc;Total
1960;dk;1;mc;Total
1960;fr;1;mc;Total
1960;de; ;mc;Total
1960;at;2;no;Total
1960;be;1;no;Total
1960;dk;1;no;Total
1960;fr;4;no;Total
1960;de;1;no;Total
1960;it; ;no;Total
1960;at;4;de;Total
1960;be;2;de;Total
1960;dk;1;de;Total
1960;fr; ;de;Total
1960;at;3;be;Total
1960;be;4;be;Total
1960;dk; ;be;Total
1960;at;1;at;Total
1960;be;2;at;Total
1960;dk; ;at;Total
1960;at;1;ch;Total
1960;be;1;ch;Total
1960;dk; ;ch;Total
1960;at;2;it;Total
1960;be;1;it;Total
1960;dk; ;it;Total
1960;at;1;se;Total
1960;be; ;se;Total
1960;at;1;dk;Total
1960;be; ;dk;Total
1960;at; ;nl;Total
1961;at;3;lu;Total
1961;be;1;lu;Total
1961;dk;5;lu;Total
1961;fi;3;lu;Total
1961;fr;4;lu;Total
1961;de;1;lu;Total
1961;it;2;lu;Total
1961;lu;1;lu;Total
1961;mc;1;lu;Total
1961;nl;5;lu;Total
1961;no; ;lu;Total
1961;at;1;gb;Total
1961;be;8;gb;Total
1961;dk;3;gb;Total
1961;fi;3;gb;Total
1961;fr;7;gb;Total
1961;de; ;gb;Total
1961;at;2;ch;Total
1961;be;2;ch;Total
1961;dk;1;ch;Total
1961;fi;4;ch;Total
1961;fr;2;ch;Total
1961;de;1;ch;Total
1961;it; ;ch;Total
1961;at;1;fr;Total
1961;be;2;fr;Total
1961;dk;2;fr;Total
1961;fi;1;fr;Total
1961;fr;2;fr;Total
1961;de; ;fr;Total
1961;at;8;dk;Total
1961;be;2;dk;Total
1961;dk; ;dk;Total
1961;at;1;it;Total
1961;be;1;it;Total
1961;dk;1;it;Total
1961;fi;1;it;Total
1961;fr; ;it;Total
1961;at;2;no;Total
1961;be;1;no;Total
1961;dk;1;no;Total
1961;fi; ;no;Total
1961;at;2;yu;Total
1961;be;1;yu;Total
1961;dk;1;yu;Total
1961;fi;1;yu;Total
1961;fr; ;yu;Total
1961;at;1;es;Total
1961;be;2;es;Total
1961;dk;1;es;Total
1961;fi;1;es;Total
1961;fr; ;es;Total
1961;at;1;mc;Total
1961;be;1;mc;Total
1961;dk; ;mc;Total
1961;at;2;fi;Total
1961;be;2;fi;Total
1961;dk; ;fi;Total
1961;at;2;nl;Total
1961;be;2;nl;Total
1961;dk; ;nl;Total
1961;at;1;de;Total
1961;be; ;de;Total
1962;at;3;fr;Total
1962;be;2;fr;Total
1962;dk;1;fr;Total
1962;fi;1;fr;Total
1962;fr;3;fr;Total
1962;de;2;fr;Total
1962;it;3;fr;Total
1962;lu;3;fr;Total
1962;mc;1;fr;Total
1962;nl;3;fr;Total
1962;no; ;fr;Total
1962;at;1;mc;Total
1962;be;3;mc;Total
1962;dk;3;mc;Total
1962;fi;2;mc;Total
1962;fr; ;mc;Total
1962;at;3;lu;Total
1962;be;3;lu;Total
1962;dk;1;lu;Total
1962;fi; ;lu;Total
1962;at;3;yu;Total
1962;be;3;yu;Total
1962;dk;2;yu;Total
1962;fi; ;yu;Total
1962;at;1;gb;Total
1962;be;2;gb;Total
1962;dk;2;gb;Total
1962;fi; ;gb;Total
1962;at;2;de;Total
1962;be;2;de;Total
1962;dk;2;de;Total
1962;fi; ;de;Total
1962;at; ;fi;Total
1962;at; ;se;Total
1962;at; ;it;Total
1962;at; ;dk;Total
1963;at;5;dk;Total
1963;be;2;dk;Total
1963;dk;2;dk;Total
1963;fi;5;dk;Total
1963;fr;5;dk;Total
1963;de;4;dk;Total
1963;it;5;dk;Total
1963;lu;3;dk;Total
1963;mc;3;dk;Total
1963;nl; ;dk;Total
1963;at;4;ch;Total
1963;be;4;ch;Total
1963;dk;5;ch;Total
1963;fi;3;ch;Total
1963;fr;4;ch;Total
1963;de;1;ch;Total
1963;it;4;ch;Total
1963;lu;1;ch;Total
1963;mc;5;ch;Total
1963;nl; ;ch;Total
1963;at;2;it;Total
1963;be;4;it;Total
1963;dk;5;it;Total
1963;fi;1;it;Total
1963;fr;3;it;Total
1963;de;3;it;Total
1963;it;5;it;Total
1963;lu;2;it;Total
1963;mc;4;it;Total
1963;nl; ;it;Total
1963;at;3;gb;Total
1963;be;1;gb;Total
1963;dk;3;gb;Total
1963;fi;5;gb;Total
1963;fr;5;gb;Total
1963;de;2;gb;Total
1963;it;3;gb;Total
1963;lu; ;gb;Total
1963;at;1;fr;Total
1963;be;4;fr;Total
1963;dk;1;fr;Total
1963;fi;2;fr;Total
1963;fr;4;fr;Total
1963;de;1;fr;Total
1963;it;4;fr;Total
1963;lu;5;fr;Total
1963;mc; ;fr;Total
1963;at;5;mc;Total
1963;be;3;mc;Total
1963;dk;2;mc;Total
1963;fi;2;mc;Total
1963;fr;4;mc;Total
1963;de;1;mc;Total
1963;it;1;mc;Total
1963;lu;1;mc;Total
1963;mc; ;mc;Total
1963;at;4;at;Total
1963;be;2;at;Total
1963;dk;3;at;Total
1963;fi;4;at;Total
1963;fr; ;at;Total
1963;at;4;lu;Total
1963;be;3;lu;Total
1963;dk;1;lu;Total
1963;fi;2;lu;Total
1963;fr; ;lu;Total
1963;at; ;de;Total
1963;at; ;yu;Total
1964;at;5;it;Total
1964;be;3;it;Total
1964;dk;5;it;Total
1964;fi;3;it;Total
1964;fr;5;it;Total
1964;de;5;it;Total
1964;it;3;it;Total
1964;lu;5;it;Total
1964;mc;5;it;Total
1964;nl; ;it;Total
1964;at;1;gb;Total
1964;be;1;gb;Total
1964;dk;1;gb;Total
1964;fi;5;gb;Total
1964;fr;5;gb;Total
1964;de; ;gb;Total
1964;at;3;mc;Total
1964;be;1;mc;Total
1964;dk;3;mc;Total
1964;fi; ;mc;Total
1964;at;3;lu;Total
1964;be;3;lu;Total
1964;dk; ;lu;Total
1964;at;5;fr;Total
1964;be;3;fr;Total
1964;dk;1;fr;Total
1964;fi;1;fr;Total
1964;fr; ;fr;Total
1964;at;5;at;Total
1964;be; ;at;Total
1964;at;3;fi;Total
1964;be; ;fi;Total
1964;at; ;no;Total
1964;at; ;dk;Total
1964;at; ;nl;Total
1964;at; ;be;Total
1965;at;5;lu;Total
1965;be;5;lu;Total
1965;dk;3;lu;Total
1965;fi;5;lu;Total
1965;fr;3;lu;Total
1965;de;1;lu;Total
1965;ie;1;lu;Total
1965;it;3;lu;Total
1965;lu; ;lu;Total
1965;at;1;gb;Total
1965;be;1;gb;Total
1965;dk;5;gb;Total
1965;fi;3;gb;Total
1965;fr;5;gb;Total
1965;de; ;gb;Total
1965;at;1;fr;Total
1965;be;3;fr;Total
1965;dk;5;fr;Total
1965;fi;1;fr;Total
1965;fr;3;fr;Total
1965;de;5;fr;Total
1965;ie; ;fr;Total
1965;at;5;at;Total
1965;be;3;at;Total
1965;dk; ;at;Total
1965;at;1;it;Total
1965;be;1;it;Total
1965;dk;3;it;Total
1965;fi;3;it;Total
1965;fr;1;it;Total
1965;de; ;it;Total
1965;at;3;ie;Total
1965;be; ;ie;Total
1965;at; ;dk;Total
1965;at; ;ch;Total
1965;at;1;mc;Total
1965;be; ;mc;Total
1965;at; ;se;Total
1965;at; ;yu;Total
1966;at;3;at;Total
1966;be;5;at;Total
1966;dk;5;at;Total
1966;fi;1;at;Total
1966;fr;1;at;Total
1966;de;3;at;Total
1966;ie;5;at;Total
1966;it; ;at;Total
1966;at;5;se;Total
1966;be;1;se;Total
1966;dk; ;se;Total
1966;at;5;no;Total
1966;be;3;no;Total
1966;dk;3;no;Total
1966;fi; ;no;Total
1966;at;3;be;Total
1966;be;1;be;Total
1966;dk; ;be;Total
1966;at;3;ie;Total
1966;be;3;ie;Total
1966;dk; ;ie;Total
1966;at;1;ch;Total
1966;be;3;ch;Total
1966;dk; ;ch;Total
1966;at;5;yu;Total
1966;be; ;yu;Total
1966;at;1;es;Total
1966;be; ;es;Total
1966;at; ;gb;Total
1966;at;5;de;Total
1966;be; ;de;Total
1966;at;5;lu;Total
1966;be; ;lu;Total
1966;at;3;fi;Total
1966;be; ;fi;Total
1966;at; ;pt;Total
1966;at; ;dk;Total
1966;at; ;nl;Total
1967;at;2;gb;Total
1967;be;7;gb;Total
1967;fi;3;gb;Total
1967;fr;1;gb;Total
1967;de;2;gb;Total
1967;ie;5;gb;Total
1967;it;3;gb;Total
1967;lu;2;gb;Total
1967;mc;7;gb;Total
1967;nl;1;gb;Total
1967;no;1;gb;Total
1967;pt;7;gb;Total
1967;es; ;gb;Total
1967;at;2;ie;Total
1967;be;4;ie;Total
1967;fi;1;ie;Total
1967;fr;1;ie;Total
1967;de;2;ie;Total
1967;ie;1;ie;Total
1967;it;2;ie;Total
1967;lu;2;ie;Total
1967;mc;1;ie;Total
1967;nl; ;ie;Total
1967;at;1;fr;Total
1967;be;2;fr;Total
1967;fi;2;fr;Total
1967;fr;1;fr;Total
1967;de;4;fr;Total
1967;ie;1;fr;Total
1967;it;2;fr;Total
1967;lu;4;fr;Total
1967;mc; ;fr;Total
1967;at;2;lu;Total
1967;be;3;lu;Total
1967;fi;1;lu;Total
1967;fr;4;lu;Total
1967;de;1;lu;Total
1967;ie;2;lu;Total
1967;it;1;lu;Total
1967;lu; ;lu;Total
1967;at;1;mc;Total
1967;be;5;mc;Total
1967;fi;1;mc;Total
1967;fr; ;mc;Total
1967;at;1;es;Total
1967;be;2;es;Total
1967;fi;1;es;Total
1967;fr;2;es;Total
1967;de;1;es;Total
1967;ie; ;es;Total
1967;at;1;be;Total
1967;be;1;be;Total
1967;fi;1;be;Total
1967;fr;1;be;Total
1967;de; ;be;Total
1967;at;2;se;Total
1967;be;1;se;Total
1967;fi;1;se;Total
1967;fr; ;se;Total
1967;at;1;de;Total
1967;be;1;de;Total
1967;fi;1;de;Total
1967;fr;1;de;Total
1967;de;1;de;Total
1967;ie; ;de;Total
1967;at;1;yu;Total
1967;be;1;yu;Total
1967;fi;1;yu;Total
1967;fr;2;yu;Total
1967;de; ;yu;Total
1967;at;1;it;Total
1967;be;1;it;Total
1967;fi; ;it;Total
1967;at;1;pt;Total
1967;be; ;pt;Total
1967;at;1;fi;Total
1967;be; ;fi;Total
1967;at; ;nl;Total
1967;at; ;at;Total
1967;at; ;no;Total
1968;at;4;es;Total
1968;be;6;es;Total
1968;fi;1;es;Total
1968;fr;3;es;Total
1968;de;1;es;Total
1968;ie;4;es;Total
1968;it;1;es;Total
1968;lu;4;es;Total
1968;mc; ;es;Total
1968;at;4;gb;Total
1968;be;2;gb;Total
1968;fi;1;gb;Total
1968;fr;1;gb;Total
1968;de;1;gb;Total
1968;ie;5;gb;Total
1968;it;2;gb;Total
1968;lu;1;gb;Total
1968;mc;3;gb;Total
1968;nl;4;gb;Total
1968;no; ;gb;Total
1968;at;2;fr;Total
1968;be;3;fr;Total
1968;fi;3;fr;Total
1968;fr;1;fr;Total
1968;de;3;fr;Total
1968;ie; ;fr;Total
1968;at;1;ie;Total
1968;be;1;ie;Total
1968;fi;1;ie;Total
1968;fr;4;ie;Total
1968;de;6;ie;Total
1968;ie; ;ie;Total
1968;at;1;se;Total
1968;be;6;se;Total
1968;fi;1;se;Total
1968;fr;2;se;Total
1968;de; ;se;Total
1968;at;2;de;Total
1968;be;1;de;Total
1968;fi;5;de;Total
1968;fr; ;de;Total
1968;at;3;be;Total
1968;be;1;be;Total
1968;fi;1;be;Total
1968;fr;1;be;Total
1968;de; ;be;Total
1968;at;1;mc;Total
1968;be;2;mc;Total
1968;fi;1;mc;Total
1968;fr; ;mc;Total
1968;at;3;yu;Total
1968;be;1;yu;Total
1968;fi;1;yu;Total
1968;fr;1;yu;Total
1968;de; ;yu;Total
1968;at;2;it;Total
1968;be;2;it;Total
1968;fi; ;it;Total
1968;at; ;pt;Total
1968;at;1;lu;Total
1968;be;1;lu;Total
1968;fi;1;lu;Total
1968;fr; ;lu;Total
1968;at; ;no;Total
1969;be;3;es;Total
1969;fi;1;es;Total
1969;fr;2;es;Total
1969;de;3;es;Total
1969;ie;1;es;Total
1969;it;2;es;Total
1969;lu;1;es;Total
1969;mc; ;es;Total
1969;be;3;gb;Total
1969;fi;4;gb;Total
1969;fr;1;gb;Total
1969;de;1;gb;Total
1969;ie;5;gb;Total
1969;it;2;gb;Total
1969;lu; ;gb;Total
1969;be;3;nl;Total
1969;fi;2;nl;Total
1969;fr;1;nl;Total
1969;de;1;nl;Total
1969;ie;4;nl;Total
1969;it; ;nl;Total
1969;be;1;fr;Total
1969;fi;2;fr;Total
1969;fr;2;fr;Total
1969;de;2;fr;Total
1969;ie;1;fr;Total
1969;it;1;fr;Total
1969;lu;4;fr;Total
1969;mc; ;fr;Total
1969;be;2;ch;Total
1969;fi;3;ch;Total
1969;fr;1;ch;Total
1969;de;2;ch;Total
1969;ie;2;ch;Total
1969;it; ;ch;Total
1969;be;2;mc;Total
1969;fi;2;mc;Total
1969;fr;2;mc;Total
1969;de; ;mc;Total
1969;be;1;ie;Total
1969;fi;1;ie;Total
1969;fr;3;ie;Total
1969;de;1;ie;Total
1969;ie; ;ie;Total
1969;be;2;be;Total
1969;fi;2;be;Total
1969;fr;3;be;Total
1969;de; ;be;Total
1969;be;3;se;Total
1969;fi;1;se;Total
1969;fr; ;se;Total
1969;be;1;de;Total
1969;fi;2;de;Total
1969;fr;3;de;Total
1969;de; ;de;Total
1969;be;3;lu;Total
1969;fi;1;lu;Total
1969;fr;1;lu;Total
1969;de; ;lu;Total
1969;be;1;fi;Total
1969;fi;1;fi;Total
1969;fr;1;fi;Total
1969;de;1;fi;Total
1969;ie; ;fi;Total
1969;be;1;yu;Total
1969;fi; ;yu;Total
1969;be;1;it;Total
1969;fi;1;it;Total
1969;fr;1;it;Total
1969;de; ;it;Total
1969;be;2;pt;Total
1969;fi; ;pt;Total
1970;be;2;ie;Total
1970;fr;2;ie;Total
1970;de;5;ie;Total
1970;ie;3;ie;Total
1970;it;6;ie;Total
1970;lu;4;ie;Total
1970;mc; ;ie;Total
1970;be;3;gb;Total
1970;fr;2;gb;Total
1970;de;2;gb;Total
1970;ie;4;gb;Total
1970;it;3;gb;Total
1970;lu;2;gb;Total
1970;mc;4;gb;Total
1970;nl; ;gb;Total
1970;be;3;de;Total
1970;fr;1;de;Total
1970;de;4;de;Total
1970;ie;1;de;Total
1970;it; ;de;Total
1970;be;1;ch;Total
1970;fr;2;ch;Total
1970;de;1;ch;Total
1970;ie; ;ch;Total
1970;be;2;fr;Total
1970;fr;2;fr;Total
1970;de; ;fr;Total
1970;be;3;es;Total
1970;fr; ;es;Total
1970;be;3;nl;Total
1970;fr; ;nl;Total
1970;be;1;it;Total
1970;fr; ;it;Total
1970;be;1;be;Total
1970;fr; ;be;Total
1970;be;1;mc;Total
1970;fr;1;mc;Total
1970;de; ;mc;Total
1971;at;7;mc;Total
1971;be;8;mc;Total
1971;fi;10;mc;Total
1971;fr;9;mc;Total
1971;de;4;mc;Total
1971;ie;4;mc;Total
1971;it;5;mc;Total
1971;lu;9;mc;Total
1971;mt;10;mc;Total
1971;mc;8;mc;Total
1971;nl;2;mc;Total
1971;no;10;mc;Total
1971;pt;10;mc;Total
1971;es;8;mc;Total
1971;se;10;mc;Total
1971;ch; ;mc;Total
1971;at;9;es;Total
1971;be;10;es;Total
1971;fi;7;es;Total
1971;fr;9;es;Total
1971;de;5;es;Total
1971;ie;4;es;Total
1971;it;8;es;Total
1971;lu;10;es;Total
1971;mt;6;es;Total
1971;mc;8;es;Total
1971;nl;7;es;Total
1971;no;6;es;Total
1971;pt;5;es;Total
1971;es;7;es;Total
1971;se;7;es;Total
1971;ch; ;es;Total
1971;at;5;de;Total
1971;be;8;de;Total
1971;fi;5;de;Total
1971;fr;6;de;Total
1971;de;2;de;Total
1971;ie;5;de;Total
1971;it;7;de;Total
1971;lu;5;de;Total
1971;mt;4;de;Total
1971;mc;7;de;Total
1971;nl;8;de;Total
1971;no;6;de;Total
1971;pt;6;de;Total
1971;es;6;de;Total
1971;se;7;de;Total
1971;ch; ;de;Total
1971;at;6;gb;Total
1971;be;8;gb;Total
1971;fi;5;gb;Total
1971;fr;7;gb;Total
1971;de;3;gb;Total
1971;ie;4;gb;Total
1971;it;8;gb;Total
1971;lu;8;gb;Total
1971;mt;5;gb;Total
1971;mc;6;gb;Total
1971;nl;7;gb;Total
1971;no;2;gb;Total
1971;pt;5;gb;Total
1971;es;6;gb;Total
1971;se;6;gb;Total
1971;ch; ;gb;Total
1971;at;2;it;Total
1971;be;9;it;Total
1971;fi;6;it;Total
1971;fr;6;it;Total
1971;de;2;it;Total
1971;ie;6;it;Total
1971;it;9;it;Total
1971;lu;2;it;Total
1971;mt;5;it;Total
1971;mc;3;it;Total
1971;nl;6;it;Total
1971;no;7;it;Total
1971;pt;8;it;Total
1971;es;6;it;Total
1971;se;8;it;Total
1971;ch; ;it;Total
1971;at;4;se;Total
1971;be;5;se;Total
1971;fi;4;se;Total
1971;fr;3;se;Total
1971;de;6;se;Total
1971;ie;2;se;Total
1971;it;4;se;Total
1971;lu;4;se;Total
1971;mt;9;se;Total
1971;mc;6;se;Total
1971;nl;3;se;Total
1971;no;2;se;Total
1971;pt;9;se;Total
1971;es;5;se;Total
1971;se;6;se;Total
1971;ch; ;se;Total
1971;at;6;nl;Total
1971;be;7;nl;Total
1971;fi;4;nl;Total
1971;fr;5;nl;Total
1971;de;2;nl;Total
1971;ie;2;nl;Total
1971;it;2;nl;Total
1971;lu;6;nl;Total
1971;mt;8;nl;Total
1971;mc;9;nl;Total
1971;nl;5;nl;Total
1971;no;6;nl;Total
1971;pt;5;nl;Total
1971;es;5;nl;Total
1971;se;5;nl;Total
1971;ch; ;nl;Total
1971;at;4;fi;Total
1971;be;4;fi;Total
1971;fi;6;fi;Total
1971;fr;2;fi;Total
1971;de;2;fi;Total
1971;ie;4;fi;Total
1971;it;4;fi;Total
1971;lu;3;fi;Total
1971;mt;6;fi;Total
1971;mc;8;fi;Total
1971;nl;3;fi;Total
1971;no;4;fi;Total
1971;pt;4;fi;Total
1971;es;10;fi;Total
1971;se;6;fi;Total
1971;ch; ;fi;Total
1971;at;5;pt;Total
1971;be;8;pt;Total
1971;fi;5;pt;Total
1971;fr;3;pt;Total
1971;de;4;pt;Total
1971;ie;5;pt;Total
1971;it;3;pt;Total
1971;lu;6;pt;Total
1971;mt;5;pt;Total
1971;mc;5;pt;Total
1971;nl;10;pt;Total
1971;no;2;pt;Total
1971;pt;2;pt;Total
1971;es;6;pt;Total
1971;se;6;pt;Total
1971;ch; ;pt;Total
1971;at;3;fr;Total
1971;be;5;fr;Total
1971;fi;6;fr;Total
1971;fr;4;fr;Total
1971;de;2;fr;Total
1971;ie;2;fr;Total
1971;it;8;fr;Total
1971;lu;9;fr;Total
1971;mt;5;fr;Total
1971;mc;5;fr;Total
1971;nl;5;fr;Total
1971;no;4;fr;Total
1971;pt;8;fr;Total
1971;es;5;fr;Total
1971;se;5;fr;Total
1971;ch; ;fr;Total
1971;at;4;ie;Total
1971;be;7;ie;Total
1971;fi;4;ie;Total
1971;fr;6;ie;Total
1971;de;2;ie;Total
1971;ie;6;ie;Total
1971;it;6;ie;Total
1971;lu;5;ie;Total
1971;mt;4;ie;Total
1971;mc;4;ie;Total
1971;nl;5;ie;Total
1971;no;2;ie;Total
1971;pt;3;ie;Total
1971;es;6;ie;Total
1971;se;5;ie;Total
1971;ch; ;ie;Total
1971;at;4;ch;Total
1971;be;6;ch;Total
1971;fi;6;ch;Total
1971;fr;5;ch;Total
1971;de;7;ch;Total
1971;ie;2;ch;Total
1971;it;5;ch;Total
1971;lu;4;ch;Total
1971;mt;5;ch;Total
1971;mc;4;ch;Total
1971;nl;6;ch;Total
1971;no;2;ch;Total
1971;pt;4;ch;Total
1971;es;6;ch;Total
1971;se;4;ch;Total
1971;ch; ;ch;Total
1971;at;5;lu;Total
1971;be;5;lu;Total
1971;fi;2;lu;Total
1971;fr;5;lu;Total
1971;de;3;lu;Total
1971;ie;7;lu;Total
1971;it;6;lu;Total
1971;lu;3;lu;Total
1971;mt;4;lu;Total
1971;mc;6;lu;Total
1971;nl;4;lu;Total
1971;no;2;lu;Total
1971;pt;3;lu;Total
1971;es;6;lu;Total
1971;se;4;lu;Total
1971;ch; ;lu;Total
1971;at;5;be;Total
1971;be;2;be;Total
1971;fi;4;be;Total
1971;fr;3;be;Total
1971;de;2;be;Total
1971;ie;2;be;Total
1971;it;5;be;Total
1971;lu;6;be;Total
1971;mt;4;be;Total
1971;mc;6;be;Total
1971;nl;2;be;Total
1971;no;5;be;Total
1971;pt;4;be;Total
1971;es;6;be;Total
1971;se;3;be;Total
1971;ch; ;be;Total
1971;at;3;yu;Total
1971;be;6;yu;Total
1971;fi;7;yu;Total
1971;fr;5;yu;Total
1971;de;5;yu;Total
1971;ie;2;yu;Total
1971;it;2;yu;Total
1971;lu;4;yu;Total
1971;mt;4;yu;Total
1971;mc;5;yu;Total
1971;nl;4;yu;Total
1971;no;6;yu;Total
1971;pt;2;yu;Total
1971;es;2;yu;Total
1971;se;3;yu;Total
1971;ch; ;yu;Total
1971;at;3;at;Total
1971;be;7;at;Total
1971;fi;6;at;Total
1971;fr;6;at;Total
1971;de;2;at;Total
1971;ie;3;at;Total
1971;it;5;at;Total
1971;lu;3;at;Total
1971;mt;5;at;Total
1971;mc;5;at;Total
1971;nl;2;at;Total
1971;no;4;at;Total
1971;pt;2;at;Total
1971;es;3;at;Total
1971;se;4;at;Total
1971;ch; ;at;Total
1971;at;3;no;Total
1971;be;5;no;Total
1971;fi;2;no;Total
1971;fr;7;no;Total
1971;de;2;no;Total
1971;ie;2;no;Total
1971;it;3;no;Total
1971;lu;6;no;Total
1971;mt;2;no;Total
1971;mc;5;no;Total
1971;nl;2;no;Total
1971;no;2;no;Total
1971;pt;4;no;Total
1971;es;7;no;Total
1971;se;4;no;Total
1971;ch; ;no;Total
1971;at;3;mt;Total
1971;be;3;mt;Total
1971;fi;3;mt;Total
1971;fr;4;mt;Total
1971;de;4;mt;Total
1971;ie;2;mt;Total
1971;it;2;mt;Total
1971;lu;5;mt;Total
1971;mt;2;mt;Total
1971;mc;2;mt;Total
1971;nl;5;mt;Total
1971;no;2;mt;Total
1971;pt;2;mt;Total
1971;es;3;mt;Total
1971;se;2;mt;Total
1971;ch; ;mt;Total
1972;at;6;lu;Total
1972;be;8;lu;Total
1972;fi;9;lu;Total
1972;fr;9;lu;Total
1972;de;9;lu;Total
1972;ie;4;lu;Total
1972;it;7;lu;Total
1972;lu;9;lu;Total
1972;mt;8;lu;Total
1972;mc;7;lu;Total
1972;nl;2;lu;Total
1972;no;8;lu;Total
1972;pt;6;lu;Total
1972;es;10;lu;Total
1972;se;10;lu;Total
1972;ch; ;lu;Total
1972;at;7;gb;Total
1972;be;9;gb;Total
1972;fi;8;gb;Total
1972;fr;6;gb;Total
1972;de;7;gb;Total
1972;ie;8;gb;Total
1972;it;2;gb;Total
1972;lu;9;gb;Total
1972;mt;8;gb;Total
1972;mc;10;gb;Total
1972;nl;4;gb;Total
1972;no;2;gb;Total
1972;pt;6;gb;Total
1972;es;8;gb;Total
1972;se;9;gb;Total
1972;ch; ;gb;Total
1972;at;5;de;Total
1972;be;8;de;Total
1972;fi;6;de;Total
1972;fr;7;de;Total
1972;de;7;de;Total
1972;ie;4;de;Total
1972;it;8;de;Total
1972;lu;6;de;Total
1972;mt;6;de;Total
1972;mc;6;de;Total
1972;nl;9;de;Total
1972;no;8;de;Total
1972;pt;5;de;Total
1972;es;5;de;Total
1972;se;5;de;Total
1972;ch; ;de;Total
1972;at;9;nl;Total
1972;be;6;nl;Total
1972;fi;6;nl;Total
1972;fr;8;nl;Total
1972;de;3;nl;Total
1972;ie;7;nl;Total
1972;it;3;nl;Total
1972;lu;5;nl;Total
1972;mt;8;nl;Total
1972;mc;5;nl;Total
1972;nl;8;nl;Total
1972;no;6;nl;Total
1972;pt;6;nl;Total
1972;es;9;nl;Total
1972;se;9;nl;Total
1972;ch; ;nl;Total
1972;at;6;at;Total
1972;be;6;at;Total
1972;fi;6;at;Total
1972;fr;6;at;Total
1972;de;5;at;Total
1972;ie;5;at;Total
1972;it;5;at;Total
1972;lu;9;at;Total
1972;mt;5;at;Total
1972;mc;5;at;Total
1972;nl;6;at;Total
1972;no;10;at;Total
1972;pt;7;at;Total
1972;es;3;at;Total
1972;se;8;at;Total
1972;ch; ;at;Total
1972;at;6;it;Total
1972;be;5;it;Total
1972;fi;4;it;Total
1972;fr;3;it;Total
1972;de;6;it;Total
1972;ie;6;it;Total
1972;it;6;it;Total
1972;lu;5;it;Total
1972;mt;6;it;Total
1972;mc;7;it;Total
1972;nl;2;it;Total
1972;no;8;it;Total
1972;pt;9;it;Total
1972;es;3;it;Total
1972;se;4;it;Total
1972;ch; ;it;Total
1972;at;2;pt;Total
1972;be;4;pt;Total
1972;fi;3;pt;Total
1972;fr;7;pt;Total
1972;de;9;pt;Total
1972;ie;10;pt;Total
1972;it;5;pt;Total
1972;lu;4;pt;Total
1972;mt;5;pt;Total
1972;mc;2;pt;Total
1972;nl;7;pt;Total
1972;no;7;pt;Total
1972;pt;6;pt;Total
1972;es;4;pt;Total
1972;se;4;pt;Total
1972;ch; ;pt;Total
1972;at;7;ch;Total
1972;be;5;ch;Total
1972;fi;4;ch;Total
1972;fr;6;ch;Total
1972;de;5;ch;Total
1972;ie;7;ch;Total
1972;it;4;ch;Total
1972;lu;6;ch;Total
1972;mt;5;ch;Total
1972;mc;7;ch;Total
1972;nl;2;ch;Total
1972;no;5;ch;Total
1972;pt;4;ch;Total
1972;es;4;ch;Total
1972;se;5;ch;Total
1972;ch; ;ch;Total
1972;at;3;yu;Total
1972;be;4;yu;Total
1972;fi;7;yu;Total
1972;fr;5;yu;Total
1972;de;2;yu;Total
1972;ie;8;yu;Total
1972;it;4;yu;Total
1972;lu;9;yu;Total
1972;mt;6;yu;Total
1972;mc;4;yu;Total
1972;nl;5;yu;Total
1972;no;8;yu;Total
1972;pt;4;yu;Total
1972;es;2;yu;Total
1972;se;5;yu;Total
1972;ch; ;yu;Total
1972;at;4;es;Total
1972;be;5;es;Total
1972;fi;7;es;Total
1972;fr;5;es;Total
1972;de;3;es;Total
1972;ie;5;es;Total
1972;it;4;es;Total
1972;lu;8;es;Total
1972;mt;5;es;Total
1972;mc;8;es;Total
1972;nl;6;es;Total
1972;no;7;es;Total
1972;pt;3;es;Total
1972;es;3;es;Total
1972;se;2;es;Total
1972;ch; ;es;Total
1972;at;4;fr;Total
1972;be;5;fr;Total
1972;fi;5;fr;Total
1972;fr;3;fr;Total
1972;de;8;fr;Total
1972;ie;5;fr;Total
1972;it;6;fr;Total
1972;lu;6;fr;Total
1972;mt;7;fr;Total
1972;mc;2;fr;Total
1972;nl;2;fr;Total
1972;no;2;fr;Total
1972;pt;3;fr;Total
1972;es;9;fr;Total
1972;se;5;fr;Total
1972;ch; ;fr;Total
1972;at;3;fi;Total
1972;be;4;fi;Total
1972;fi;3;fi;Total
1972;fr;3;fi;Total
1972;de;6;fi;Total
1972;ie;3;fi;Total
1972;it;5;fi;Total
1972;lu;8;fi;Total
1972;mt;6;fi;Total
1972;mc;4;fi;Total
1972;nl;6;fi;Total
1972;no;4;fi;Total
1972;pt;3;fi;Total
1972;es;5;fi;Total
1972;se;4;fi;Total
1972;ch; ;fi;Total
1972;at;5;se;Total
1972;be;3;se;Total
1972;fi;5;se;Total
1972;fr;5;se;Total
1972;de;3;se;Total
1972;ie;5;se;Total
1972;it;4;se;Total
1972;lu;5;se;Total
1972;mt;5;se;Total
1972;mc;5;se;Total
1972;nl;4;se;Total
1972;no;3;se;Total
1972;pt;2;se;Total
1972;es;3;se;Total
1972;se;7;se;Total
1972;ch; ;se;Total
1972;at;7;no;Total
1972;be;3;no;Total
1972;fi;4;no;Total
1972;fr;6;no;Total
1972;de;2;no;Total
1972;ie;6;no;Total
1972;it;5;no;Total
1972;lu;4;no;Total
1972;mt;4;no;Total
1972;mc;5;no;Total
1972;nl;5;no;Total
1972;no;4;no;Total
1972;pt;2;no;Total
1972;es;4;no;Total
1972;se;5;no;Total
1972;ch; ;no;Total
1972;at;3;ie;Total
1972;be;3;ie;Total
1972;fi;4;ie;Total
1972;fr;3;ie;Total
1972;de;6;ie;Total
1972;ie;6;ie;Total
1972;it;5;ie;Total
1972;lu;5;ie;Total
1972;mt;6;ie;Total
1972;mc;4;ie;Total
1972;nl;4;ie;Total
1972;no;5;ie;Total
1972;pt;3;ie;Total
1972;es;4;ie;Total
1972;se;3;ie;Total
1972;ch; ;ie;Total
1972;at;5;mc;Total
1972;be;3;mc;Total
1972;fi;4;mc;Total
1972;fr;4;mc;Total
1972;de;3;mc;Total
1972;ie;4;mc;Total
1972;it;5;mc;Total
1972;lu;5;mc;Total
1972;mt;6;mc;Total
1972;mc;2;mc;Total
1972;nl;3;mc;Total
1972;no;3;mc;Total
1972;pt;2;mc;Total
1972;es;5;mc;Total
1972;se;4;mc;Total
1972;ch; ;mc;Total
1972;at;3;be;Total
1972;be;2;be;Total
1972;fi;4;be;Total
1972;fr;3;be;Total
1972;de;6;be;Total
1972;ie;5;be;Total
1972;it;4;be;Total
1972;lu;3;be;Total
1972;mt;2;be;Total
1972;mc;3;be;Total
1972;nl;2;be;Total
1972;no;2;be;Total
1972;pt;3;be;Total
1972;es;5;be;Total
1972;se;2;be;Total
1972;ch; ;be;Total
1972;at;5;mt;Total
1972;be;2;mt;Total
1972;fi;3;mt;Total
1972;fr;4;mt;Total
1972;de;2;mt;Total
1972;ie;2;mt;Total
1972;it;3;mt;Total
1972;lu;4;mt;Total
1972;mt;2;mt;Total
1972;mc;2;mt;Total
1972;nl;2;mt;Total
1972;no;3;mt;Total
1972;pt;2;mt;Total
1972;es;6;mt;Total
1972;se;2;mt;Total
1972;ch; ;mt;Total
1973;be;10;lu;Total
1973;fi;7;lu;Total
1973;fr;8;lu;Total
1973;de;8;lu;Total
1973;ie;9;lu;Total
1973;il;7;lu;Total
1973;it;9;lu;Total
1973;lu;8;lu;Total
1973;mc;8;lu;Total
1973;nl;6;lu;Total
1973;no;8;lu;Total
1973;pt;10;lu;Total
1973;es;10;lu;Total
1973;se;9;lu;Total
1973;ch; ;lu;Total
1973;be;9;es;Total
1973;fi;9;es;Total
1973;fr;10;es;Total
1973;de;8;es;Total
1973;ie;10;es;Total
1973;il;8;es;Total
1973;it;9;es;Total
1973;lu;10;es;Total
1973;mc;4;es;Total
1973;nl;9;es;Total
1973;no;7;es;Total
1973;pt;8;es;Total
1973;es;4;es;Total
1973;se;9;es;Total
1973;ch; ;es;Total
1973;be;8;gb;Total
1973;fi;7;gb;Total
1973;fr;9;gb;Total
1973;de;9;gb;Total
1973;ie;5;gb;Total
1973;il;10;gb;Total
1973;it;8;gb;Total
1973;lu;10;gb;Total
1973;mc;7;gb;Total
1973;nl;6;gb;Total
1973;no;4;gb;Total
1973;pt;9;gb;Total
1973;es;8;gb;Total
1973;se;8;gb;Total
1973;ch; ;gb;Total
1973;be;5;il;Total
1973;fi;7;il;Total
1973;fr;7;il;Total
1973;de;7;il;Total
1973;ie;8;il;Total
1973;il;7;il;Total
1973;it;6;il;Total
1973;lu;5;il;Total
1973;mc;5;il;Total
1973;nl;4;il;Total
1973;no;6;il;Total
1973;pt;6;il;Total
1973;es;5;il;Total
1973;se;7;il;Total
1973;ch; ;il;Total
1973;be;4;se;Total
1973;fi;5;se;Total
1973;fr;5;se;Total
1973;de;5;se;Total
1973;ie;5;se;Total
1973;il;6;se;Total
1973;it;5;se;Total
1973;lu;6;se;Total
1973;mc;8;se;Total
1973;nl;4;se;Total
1973;no;7;se;Total
1973;pt;9;se;Total
1973;es;7;se;Total
1973;se;6;se;Total
1973;ch; ;se;Total
1973;be;6;fi;Total
1973;fi;5;fi;Total
1973;fr;5;fi;Total
1973;de;2;fi;Total
1973;ie;6;fi;Total
1973;il;5;fi;Total
1973;it;5;fi;Total
1973;lu;6;fi;Total
1973;mc;5;fi;Total
1973;nl;6;fi;Total
1973;no;7;fi;Total
1973;pt;6;fi;Total
1973;es;9;fi;Total
1973;se;7;fi;Total
1973;ch; ;fi;Total
1973;be;6;no;Total
1973;fi;6;no;Total
1973;fr;3;no;Total
1973;de;9;no;Total
1973;ie;5;no;Total
1973;il;7;no;Total
1973;it;7;no;Total
1973;lu;3;no;Total
1973;mc;5;no;Total
1973;nl;6;no;Total
1973;no;3;no;Total
1973;pt;7;no;Total
1973;es;3;no;Total
1973;se;6;no;Total
1973;ch; ;no;Total
1973;be;7;de;Total
1973;fi;6;de;Total
1973;fr;4;de;Total
1973;de;3;de;Total
1973;ie;7;de;Total
1973;il;5;de;Total
1973;it;5;de;Total
1973;lu;4;de;Total
1973;mc;6;de;Total
1973;nl;9;de;Total
1973;no;6;de;Total
1973;pt;7;de;Total
1973;es;5;de;Total
1973;se;4;de;Total
1973;ch; ;de;Total
1973;be;5;mc;Total
1973;fi;4;mc;Total
1973;fr;6;mc;Total
1973;de;4;mc;Total
1973;ie;8;mc;Total
1973;il;6;mc;Total
1973;it;5;mc;Total
1973;lu;3;mc;Total
1973;mc;2;mc;Total
1973;nl;6;mc;Total
1973;no;4;mc;Total
1973;pt;5;mc;Total
1973;es;9;mc;Total
1973;se;9;mc;Total
1973;ch; ;mc;Total
1973;be;6;pt;Total
1973;fi;5;pt;Total
1973;fr;4;pt;Total
1973;de;5;pt;Total
1973;ie;3;pt;Total
1973;il;4;pt;Total
1973;it;4;pt;Total
1973;lu;5;pt;Total
1973;mc;5;pt;Total
1973;nl;8;pt;Total
1973;no;2;pt;Total
1973;pt;8;pt;Total
1973;es;5;pt;Total
1973;se;6;pt;Total
1973;ch; ;pt;Total
1973;be;4;ie;Total
1973;fi;4;ie;Total
1973;fr;4;ie;Total
1973;de;5;ie;Total
1973;ie;6;ie;Total
1973;il;6;ie;Total
1973;it;6;ie;Total
1973;lu;6;ie;Total
1973;mc;2;ie;Total
1973;nl;7;ie;Total
1973;no;5;ie;Total
1973;pt;5;ie;Total
1973;es;5;ie;Total
1973;se;5;ie;Total
1973;ch; ;ie;Total
1973;be;2;ch;Total
1973;fi;4;ch;Total
1973;fr;7;ch;Total
1973;de;3;ch;Total
1973;ie;4;ch;Total
1973;il;6;ch;Total
1973;it;5;ch;Total
1973;lu;8;ch;Total
1973;mc;7;ch;Total
1973;nl;3;ch;Total
1973;no;7;ch;Total
1973;pt;3;ch;Total
1973;es;7;ch;Total
1973;se;6;ch;Total
1973;ch; ;ch;Total
1973;be;5;it;Total
1973;fi;5;it;Total
1973;fr;4;it;Total
1973;de;4;it;Total
1973;ie;5;it;Total
1973;il;5;it;Total
1973;it;4;it;Total
1973;lu;5;it;Total
1973;mc;3;it;Total
1973;nl;5;it;Total
1973;no;5;it;Total
1973;pt;7;it;Total
1973;es;5;it;Total
1973;se;5;it;Total
1973;ch; ;it;Total
1973;be;6;nl;Total
1973;fi;5;nl;Total
1973;fr;5;nl;Total
1973;de;2;nl;Total
1973;ie;4;nl;Total
1973;il;7;nl;Total
1973;it;4;nl;Total
1973;lu;5;nl;Total
1973;mc;2;nl;Total
1973;nl;5;nl;Total
1973;no;3;nl;Total
1973;pt;5;nl;Total
1973;es;3;nl;Total
1973;se;5;nl;Total
1973;ch; ;nl;Total
1973;be;4;yu;Total
1973;fi;4;yu;Total
1973;fr;5;yu;Total
1973;de;4;yu;Total
1973;ie;2;yu;Total
1973;il;4;yu;Total
1973;it;5;yu;Total
1973;lu;4;yu;Total
1973;mc;2;yu;Total
1973;nl;3;yu;Total
1973;no;8;yu;Total
1973;pt;2;yu;Total
1973;es;6;yu;Total
1973;se;4;yu;Total
1973;ch; ;yu;Total
1973;be;4;fr;Total
1973;fi;5;fr;Total
1973;fr;2;fr;Total
1973;de;2;fr;Total
1973;ie;3;fr;Total
1973;il;5;fr;Total
1973;it;5;fr;Total
1973;lu;4;fr;Total
1973;mc;2;fr;Total
1973;nl;5;fr;Total
1973;no;5;fr;Total
1973;pt;4;fr;Total
1973;es;5;fr;Total
1973;se;7;fr;Total
1973;ch; ;fr;Total
1973;be;4;be;Total
1973;fi;4;be;Total
1973;fr;2;be;Total
1973;de;2;be;Total
1973;ie;4;be;Total
1973;il;6;be;Total
1973;it;3;be;Total
1973;lu;3;be;Total
1973;mc;3;be;Total
1973;nl;6;be;Total
1973;no;2;be;Total
1973;pt;4;be;Total
1973;es;5;be;Total
1973;se;4;be;Total
1973;ch; ;be;Total
1974;be;1;se;Total
1974;fi;2;se;Total
1974;de;1;se;Total
1974;gr;3;se;Total
1974;ie;2;se;Total
1974;il;1;se;Total
1974;it;1;se;Total
1974;lu;5;se;Total
1974;mc;1;se;Total
1974;nl; ;se;Total
1974;be;1;it;Total
1974;fi;1;it;Total
1974;de;1;it;Total
1974;gr;4;it;Total
1974;ie;1;it;Total
1974;il;2;it;Total
1974;it;5;it;Total
1974;lu; ;it;Total
1974;be;1;nl;Total
1974;fi;2;nl;Total
1974;de;1;nl;Total
1974;gr;1;nl;Total
1974;ie;1;nl;Total
1974;il;1;nl;Total
1974;it;3;nl;Total
1974;lu;3;nl;Total
1974;mc; ;nl;Total
1974;be;2;gb;Total
1974;fi;1;gb;Total
1974;de;1;gb;Total
1974;gr;3;gb;Total
1974;ie;1;gb;Total
1974;il;4;gb;Total
1974;it; ;gb;Total
1974;be;1;lu;Total
1974;fi;3;lu;Total
1974;de;2;lu;Total
1974;gr;2;lu;Total
1974;ie;1;lu;Total
1974;il;1;lu;Total
1974;it;2;lu;Total
1974;lu; ;lu;Total
1974;be;1;mc;Total
1974;fi;1;mc;Total
1974;de;2;mc;Total
1974;gr;1;mc;Total
1974;ie;1;mc;Total
1974;il;2;mc;Total
1974;it;1;mc;Total
1974;lu;1;mc;Total
1974;mc; ;mc;Total
1974;be;2;il;Total
1974;fi;2;il;Total
1974;de;1;il;Total
1974;gr;2;il;Total
1974;ie; ;il;Total
1974;be;1;ie;Total
1974;fi;2;ie;Total
1974;de;2;ie;Total
1974;gr;2;ie;Total
1974;ie;1;ie;Total
1974;il; ;ie;Total
1974;be;3;es;Total
1974;fi;1;es;Total
1974;de;2;es;Total
1974;gr;2;es;Total
1974;ie; ;es;Total
1974;be;2;be;Total
1974;fi; ;be;Total
1974;be;2;gr;Total
1974;fi; ;gr;Total
1974;be;2;yu;Total
1974;fi;1;yu;Total
1974;de;1;yu;Total
1974;gr; ;yu;Total
1974;be;1;fi;Total
1974;fi; ;fi;Total
1974;be;1;no;Total
1974;fi; ;no;Total
1974;be;1;de;Total
1974;fi; ;de;Total
1974;be;1;ch;Total
1974;fi; ;ch;Total
1974;be; ;pt;Total
1975;be;5;nl;Total
1975;fi;8;nl;Total
1975;fr;8;nl;Total
1975;de;12;nl;Total
1975;ie;1;nl;Total
1975;il;10;nl;Total
1975;it;12;nl;Total
1975;lu;10;nl;Total
1975;mt;12;nl;Total
1975;mc;7;nl;Total
1975;nl;12;nl;Total
1975;no;12;nl;Total
1975;pt;6;nl;Total
1975;es;4;nl;Total
1975;se;12;nl;Total
1975;ch;8;nl;Total
1975;tr; ;nl;Total
1975;be;12;gb;Total
1975;fi;10;gb;Total
1975;fr;3;gb;Total
1975;de;10;gb;Total
1975;ie;3;gb;Total
1975;il;12;gb;Total
1975;it;8;gb;Total
1975;lu;12;gb;Total
1975;mt;4;gb;Total
1975;mc;7;gb;Total
1975;nl;5;gb;Total
1975;no;10;gb;Total
1975;pt;5;gb;Total
1975;es;8;gb;Total
1975;se;12;gb;Total
1975;ch; ;gb;Total
1975;be;4;it;Total
1975;fi;4;it;Total
1975;fr;6;it;Total
1975;de;5;it;Total
1975;ie;3;it;Total
1975;il;10;it;Total
1975;it;1;it;Total
1975;lu;6;it;Total
1975;mt;10;it;Total
1975;mc;7;it;Total
1975;nl;1;it;Total
1975;no;10;it;Total
1975;pt;10;it;Total
1975;es;10;it;Total
1975;se;10;it;Total
1975;ch; ;it;Total
1975;be;7;fr;Total
1975;fi;8;fr;Total
1975;fr;7;fr;Total
1975;de;7;fr;Total
1975;ie;8;fr;Total
1975;il;12;fr;Total
1975;it;8;fr;Total
1975;lu;8;fr;Total
1975;mt;3;fr;Total
1975;mc;1;fr;Total
1975;nl;8;fr;Total
1975;no; ;fr;Total
1975;be;10;lu;Total
1975;fi;6;lu;Total
1975;fr;10;lu;Total
1975;de;5;lu;Total
1975;ie;12;lu;Total
1975;il;8;lu;Total
1975;it;6;lu;Total
1975;lu;4;lu;Total
1975;mt;5;lu;Total
1975;mc;3;lu;Total
1975;nl;7;lu;Total
1975;no; ;lu;Total
1975;be;10;ch;Total
1975;fi;6;ch;Total
1975;fr;2;ch;Total
1975;de;12;ch;Total
1975;ie;2;ch;Total
1975;il;6;ch;Total
1975;it;5;ch;Total
1975;lu;7;ch;Total
1975;mt;1;ch;Total
1975;mc;2;ch;Total
1975;nl;7;ch;Total
1975;no;5;ch;Total
1975;pt; ;ch;Total
1975;be;8;fi;Total
1975;fi;6;fi;Total
1975;fr;8;fi;Total
1975;de;10;fi;Total
1975;ie;1;fi;Total
1975;il;3;fi;Total
1975;it;12;fi;Total
1975;lu;4;fi;Total
1975;mt;5;fi;Total
1975;mc; ;fi;Total
1975;be;3;se;Total
1975;fi;7;se;Total
1975;fr;2;se;Total
1975;de;6;se;Total
1975;ie;8;se;Total
1975;il;6;se;Total
1975;it;5;se;Total
1975;lu;1;se;Total
1975;mt;8;se;Total
1975;mc;7;se;Total
1975;nl;6;se;Total
1975;no; ;se;Total
1975;be;6;ie;Total
1975;fi;4;ie;Total
1975;fr;4;ie;Total
1975;de;6;ie;Total
1975;ie;4;ie;Total
1975;il;4;ie;Total
1975;it;3;ie;Total
1975;lu;10;ie;Total
1975;mt;7;ie;Total
1975;mc;6;ie;Total
1975;nl;1;ie;Total
1975;no; ;ie;Total
1975;be;5;es;Total
1975;fi;7;es;Total
1975;fr;4;es;Total
1975;de;6;es;Total
1975;ie;4;es;Total
1975;il;3;es;Total
1975;it;5;es;Total
1975;lu;3;es;Total
1975;mt;4;es;Total
1975;mc; ;es;Total
1975;be;1;il;Total
1975;fi;1;il;Total
1975;fr;1;il;Total
1975;de;2;il;Total
1975;ie;1;il;Total
1975;il;10;il;Total
1975;it;5;il;Total
1975;lu;6;il;Total
1975;mt;2;il;Total
1975;mc;6;il;Total
1975;nl;1;il;Total
1975;no; ;il;Total
1975;be;1;mt;Total
1975;fi;5;mt;Total
1975;fr;1;mt;Total
1975;de;2;mt;Total
1975;ie;4;mt;Total
1975;il;2;mt;Total
1975;it;2;mt;Total
1975;lu; ;mt;Total
1975;be;4;yu;Total
1975;fi;3;yu;Total
1975;fr;1;yu;Total
1975;de;7;yu;Total
1975;ie; ;yu;Total
1975;be;2;mc;Total
1975;fi;5;mc;Total
1975;fr;4;mc;Total
1975;de;1;mc;Total
1975;ie;3;mc;Total
1975;il;2;mc;Total
1975;it; ;mc;Total
1975;be;2;be;Total
1975;fi;3;be;Total
1975;fr; ;be;Total
1975;be;12;pt;Total
1975;fi; ;pt;Total
1975;be;4;de;Total
1975;fi; ;de;Total
1975;be;2;no;Total
1975;fi; ;no;Total
1976;at;10;gb;Total
1976;be;7;gb;Total
1976;fi;8;gb;Total
1976;fr;12;gb;Total
1976;de;3;gb;Total
1976;gr;12;gb;Total
1976;ie;4;gb;Total
1976;il;8;gb;Total
1976;it;10;gb;Total
1976;lu;10;gb;Total
1976;mc;12;gb;Total
1976;nl;12;gb;Total
1976;no;12;gb;Total
1976;pt;12;gb;Total
1976;es;10;gb;Total
1976;ch; ;gb;Total
1976;at;3;fr;Total
1976;be;12;fr;Total
1976;fi;5;fr;Total
1976;fr;7;fr;Total
1976;de;5;fr;Total
1976;gr;6;fr;Total
1976;ie;10;fr;Total
1976;il;12;fr;Total
1976;it;12;fr;Total
1976;lu;8;fr;Total
1976;mc;5;fr;Total
1976;nl;10;fr;Total
1976;no;10;fr;Total
1976;pt;8;fr;Total
1976;es;12;fr;Total
1976;ch; ;fr;Total
1976;at;2;mc;Total
1976;be;7;mc;Total
1976;fi;8;mc;Total
1976;fr;7;mc;Total
1976;de;7;mc;Total
1976;gr;12;mc;Total
1976;ie;8;mc;Total
1976;il;5;mc;Total
1976;it;3;mc;Total
1976;lu;7;mc;Total
1976;mc;5;mc;Total
1976;nl;5;mc;Total
1976;no;4;mc;Total
1976;pt; ;mc;Total
1976;at;7;ch;Total
1976;be;6;ch;Total
1976;fi;5;ch;Total
1976;fr;2;ch;Total
1976;de;1;ch;Total
1976;gr;4;ch;Total
1976;ie;1;ch;Total
1976;il;4;ch;Total
1976;it;6;ch;Total
1976;lu;10;ch;Total
1976;mc;7;ch;Total
1976;nl;4;ch;Total
1976;no;12;ch;Total
1976;pt;7;ch;Total
1976;es; ;ch;Total
1976;at;10;at;Total
1976;be;6;at;Total
1976;fi;10;at;Total
1976;fr;10;at;Total
1976;de;5;at;Total
1976;gr;5;at;Total
1976;ie;7;at;Total
1976;il;2;at;Total
1976;it;8;at;Total
1976;lu;3;at;Total
1976;mc;4;at;Total
1976;nl;2;at;Total
1976;no; ;at;Total
1976;at;8;il;Total
1976;be;3;il;Total
1976;fi;4;il;Total
1976;fr;10;il;Total
1976;de;7;il;Total
1976;gr;1;il;Total
1976;ie;2;il;Total
1976;il;7;il;Total
1976;it;2;il;Total
1976;lu;1;il;Total
1976;mc;7;il;Total
1976;nl;6;il;Total
1976;no;8;il;Total
1976;pt; ;il;Total
1976;at;10;it;Total
1976;be;10;it;Total
1976;fi;12;it;Total
1976;fr;2;it;Total
1976;de;3;it;Total
1976;gr;10;it;Total
1976;ie;8;it;Total
1976;il;1;it;Total
1976;it;6;it;Total
1976;lu; ;it;Total
1976;at;5;be;Total
1976;be;1;be;Total
1976;fi;8;be;Total
1976;fr;8;be;Total
1976;de;4;be;Total
1976;gr;6;be;Total
1976;ie;8;be;Total
1976;il;6;be;Total
1976;it;7;be;Total
1976;lu; ;be;Total
1976;at;4;nl;Total
1976;be;7;nl;Total
1976;fi;2;nl;Total
1976;fr;8;nl;Total
1976;de;2;nl;Total
1976;gr;4;nl;Total
1976;ie;2;nl;Total
1976;il;1;nl;Total
1976;it;6;nl;Total
1976;lu;3;nl;Total
1976;mc;4;nl;Total
1976;nl;5;nl;Total
1976;no; ;nl;Total
1976;at;1;ie;Total
1976;be;8;ie;Total
1976;fi;3;ie;Total
1976;fr;12;ie;Total
1976;de;3;ie;Total
1976;gr;6;ie;Total
1976;ie;5;ie;Total
1976;il;10;ie;Total
1976;it;1;ie;Total
1976;lu; ;ie;Total
1976;at;5;fi;Total
1976;be;6;fi;Total
1976;fi;7;fi;Total
1976;fr;1;fi;Total
1976;de;4;fi;Total
1976;gr;6;fi;Total
1976;ie;2;fi;Total
1976;il; ;fi;Total
1976;at;4;pt;Total
1976;be;1;pt;Total
1976;fi;6;pt;Total
1976;fr; ;pt;Total
1976;at;8;gr;Total
1976;be;5;gr;Total
1976;fi;1;gr;Total
1976;fr; ;gr;Total
1976;at;5;lu;Total
1976;be; ;lu;Total
1976;at;2;de;Total
1976;be;2;de;Total
1976;fi;2;de;Total
1976;fr;3;de;Total
1976;de; ;de;Total
1976;at;3;es;Total
1976;be;3;es;Total
1976;fi;3;es;Total
1976;fr; ;es;Total
1976;at;3;yu;Total
1976;be;1;yu;Total
1976;fi; ;yu;Total
1976;at; ;no;Total
1977;at;12;fr;Total
1977;be;12;fr;Total
1977;fi;7;fr;Total
1977;fr;10;fr;Total
1977;de;10;fr;Total
1977;gr;10;fr;Total
1977;ie;10;fr;Total
1977;il;4;fr;Total
1977;it;8;fr;Total
1977;lu;3;fr;Total
1977;mc;5;fr;Total
1977;nl;10;fr;Total
1977;no;6;fr;Total
1977;pt;12;fr;Total
1977;es;6;fr;Total
1977;se; ;fr;Total
1977;at;4;gb;Total
1977;be;12;gb;Total
1977;fi;10;gb;Total
1977;fr;8;gb;Total
1977;de;2;gb;Total
1977;gr;12;gb;Total
1977;ie;12;gb;Total
1977;il;7;gb;Total
1977;it;7;gb;Total
1977;lu;12;gb;Total
1977;mc;3;gb;Total
1977;nl;8;gb;Total
1977;no; ;gb;Total
1977;at;10;ie;Total
1977;be;5;ie;Total
1977;fi;10;ie;Total
1977;fr;12;ie;Total
1977;de;8;ie;Total
1977;gr;8;ie;Total
1977;ie;8;ie;Total
1977;il;1;ie;Total
1977;it;12;ie;Total
1977;lu;1;ie;Total
1977;mc;4;ie;Total
1977;nl;12;ie;Total
1977;no;8;ie;Total
1977;pt;12;ie;Total
1977;es; ;ie;Total
1977;at;5;mc;Total
1977;be;5;mc;Total
1977;fi;6;mc;Total
1977;fr;12;mc;Total
1977;de;5;mc;Total
1977;gr;2;mc;Total
1977;ie;12;mc;Total
1977;il;1;mc;Total
1977;it;1;mc;Total
1977;lu;6;mc;Total
1977;mc;8;mc;Total
1977;nl;10;mc;Total
1977;no;6;mc;Total
1977;pt;7;mc;Total
1977;es; ;mc;Total
1977;at;6;gr;Total
1977;be;3;gr;Total
1977;fi;4;gr;Total
1977;fr;3;gr;Total
1977;de;1;gr;Total
1977;gr;6;gr;Total
1977;ie;10;gr;Total
1977;il;10;gr;Total
1977;it;4;gr;Total
1977;lu;10;gr;Total
1977;mc;12;gr;Total
1977;nl;7;gr;Total
1977;no;1;gr;Total
1977;pt;5;gr;Total
1977;es; ;gr;Total
1977;at;10;ch;Total
1977;be;6;ch;Total
1977;fi;6;ch;Total
1977;fr;4;ch;Total
1977;de;4;ch;Total
1977;gr;5;ch;Total
1977;ie;10;ch;Total
1977;il;4;ch;Total
1977;it;4;ch;Total
1977;lu; ;ch;Total
1977;at;5;be;Total
1977;be;4;be;Total
1977;fi;6;be;Total
1977;fr;4;be;Total
1977;de;12;be;Total
1977;gr;6;be;Total
1977;ie;7;be;Total
1977;il;4;be;Total
1977;it;10;be;Total
1977;lu; ;be;Total
1977;at;8;de;Total
1977;be;1;de;Total
1977;fi;5;de;Total
1977;fr;6;de;Total
1977;de;2;de;Total
1977;gr;1;de;Total
1977;ie;3;de;Total
1977;il;8;de;Total
1977;it;5;de;Total
1977;lu;5;de;Total
1977;mc;8;de;Total
1977;nl; ;de;Total
1977;at;7;es;Total
1977;be;7;es;Total
1977;fi;4;es;Total
1977;fr;7;es;Total
1977;de;7;es;Total
1977;gr;6;es;Total
1977;ie;3;es;Total
1977;il;3;es;Total
1977;it; ;es;Total
1977;at;2;fi;Total
1977;be;12;fi;Total
1977;fi;7;fi;Total
1977;fr;4;fi;Total
1977;de;8;fi;Total
1977;gr;2;fi;Total
1977;ie;5;fi;Total
1977;il; ;fi;Total
1977;at;2;il;Total
1977;be;7;il;Total
1977;fi;7;il;Total
1977;fr;5;il;Total
1977;de;5;il;Total
1977;gr;6;il;Total
1977;ie;3;il;Total
1977;il;10;il;Total
1977;it; ;il;Total
1977;at;1;nl;Total
1977;be;3;nl;Total
1977;fi;1;nl;Total
1977;fr;3;nl;Total
1977;de;1;nl;Total
1977;gr;7;nl;Total
1977;ie;1;nl;Total
1977;il; ;nl;Total
1977;at;3;it;Total
1977;be;8;it;Total
1977;fi;6;it;Total
1977;fr;3;it;Total
1977;de;2;it;Total
1977;gr;2;it;Total
1977;ie; ;it;Total
1977;at;3;no;Total
1977;be;2;no;Total
1977;fi;1;no;Total
1977;fr;2;no;Total
1977;de; ;no;Total
1977;at;3;pt;Total
1977;be;2;pt;Total
1977;fi;2;pt;Total
1977;fr;4;pt;Total
1977;de; ;pt;Total
1977;at;7;lu;Total
1977;be; ;lu;Total
1977;at;5;at;Total
1977;be;2;at;Total
1977;fi; ;at;Total
1978;at;6;il;Total
1978;be;10;il;Total
1978;dk;8;il;Total
1978;fi;12;il;Total
1978;fr;5;il;Total
1978;de;8;il;Total
1978;gr;8;il;Total
1978;ie;12;il;Total
1978;il;3;il;Total
1978;it;12;il;Total
1978;lu;8;il;Total
1978;mc;10;il;Total
1978;nl;6;il;Total
1978;no;12;il;Total
1978;pt;12;il;Total
1978;es;5;il;Total
1978;se; ;il;Total
1978;at;12;be;Total
1978;be;3;be;Total
1978;dk;12;be;Total
1978;fi;12;be;Total
1978;fr;7;be;Total
1978;de;6;be;Total
1978;gr;7;be;Total
1978;ie;12;be;Total
1978;il;5;be;Total
1978;it;7;be;Total
1978;lu;4;be;Total
1978;mc;2;be;Total
1978;nl;4;be;Total
1978;no;10;be;Total
1978;pt;12;be;Total
1978;es; ;be;Total
1978;at;8;fr;Total
1978;be;2;fr;Total
1978;dk;10;fr;Total
1978;fi;8;fr;Total
1978;fr;6;fr;Total
1978;de;5;fr;Total
1978;gr;10;fr;Total
1978;ie;1;fr;Total
1978;il;5;fr;Total
1978;it;6;fr;Total
1978;lu;3;fr;Total
1978;mc;2;fr;Total
1978;nl;5;fr;Total
1978;no;10;fr;Total
1978;pt;6;fr;Total
1978;es;4;fr;Total
1978;se;8;fr;Total
1978;ch; ;fr;Total
1978;at;10;mc;Total
1978;be;8;mc;Total
1978;dk;1;mc;Total
1978;fi;7;mc;Total
1978;fr;4;mc;Total
1978;de;4;mc;Total
1978;gr;8;mc;Total
1978;ie;7;mc;Total
1978;il;10;mc;Total
1978;it;4;mc;Total
1978;lu;5;mc;Total
1978;mc;12;mc;Total
1978;nl;5;mc;Total
1978;no;5;mc;Total
1978;pt;10;mc;Total
1978;es; ;mc;Total
1978;at;3;ie;Total
1978;be;5;ie;Total
1978;dk;5;ie;Total
1978;fi;10;ie;Total
1978;fr;10;ie;Total
1978;de;12;ie;Total
1978;gr;8;ie;Total
1978;ie;7;ie;Total
1978;il;10;ie;Total
1978;it; ;ie;Total
1978;at;12;de;Total
1978;be;7;de;Total
1978;dk;1;de;Total
1978;fi;3;de;Total
1978;fr;3;de;Total
1978;de;10;de;Total
1978;gr;7;de;Total
1978;ie;7;de;Total
1978;il;10;de;Total
1978;it;7;de;Total
1978;lu;3;de;Total
1978;mc;8;de;Total
1978;nl; ;de;Total
1978;at;1;lu;Total
1978;be;2;lu;Total
1978;dk;12;lu;Total
1978;fi;6;lu;Total
1978;fr;3;lu;Total
1978;de;12;lu;Total
1978;gr;12;lu;Total
1978;ie;6;lu;Total
1978;il;2;lu;Total
1978;it;7;lu;Total
1978;lu; ;lu;Total
1978;at;5;gr;Total
1978;be;10;gr;Total
1978;dk;7;gr;Total
1978;fi;10;gr;Total
1978;fr;2;gr;Total
1978;de;4;gr;Total
1978;gr;8;gr;Total
1978;ie;7;gr;Total
1978;il;2;gr;Total
1978;it;4;gr;Total
1978;lu; ;gr;Total
1978;at;12;es;Total
1978;be;7;es;Total
1978;dk;6;es;Total
1978;fi;6;es;Total
1978;fr;2;es;Total
1978;de;4;es;Total
1978;gr;4;es;Total
1978;ie;8;es;Total
1978;il;7;es;Total
1978;it; ;es;Total
1978;at;3;ch;Total
1978;be;1;ch;Total
1978;dk;7;ch;Total
1978;fi;6;ch;Total
1978;fr;1;ch;Total
1978;de;1;ch;Total
1978;gr;8;ch;Total
1978;ie;2;ch;Total
1978;il;8;ch;Total
1978;it;5;ch;Total
1978;lu;4;ch;Total
1978;mc;2;ch;Total
1978;nl; ;ch;Total
1978;at;2;gb;Total
1978;be;8;gb;Total
1978;dk;3;gb;Total
1978;fi;3;gb;Total
1978;fr;2;gb;Total
1978;de;5;gb;Total
1978;gr;7;gb;Total
1978;ie;2;gb;Total
1978;il;6;gb;Total
1978;it;3;gb;Total
1978;lu;3;gb;Total
1978;mc;2;gb;Total
1978;nl;6;gb;Total
1978;no; ;gb;Total
1978;at;2;it;Total
1978;be;2;it;Total
1978;dk;10;it;Total
1978;fi;3;it;Total
1978;fr;8;it;Total
1978;de;6;it;Total
1978;gr;1;it;Total
1978;ie;8;it;Total
1978;il;1;it;Total
1978;it;1;it;Total
1978;lu;6;it;Total
1978;mc; ;it;Total
1978;at;12;nl;Total
1978;be;5;nl;Total
1978;dk;6;nl;Total
1978;fi;1;nl;Total
1978;fr;1;nl;Total
1978;de;3;nl;Total
1978;gr; ;nl;Total
1978;at;5;se;Total
1978;be;10;se;Total
1978;dk;4;se;Total
1978;fi; ;se;Total
1978;at;3;at;Total
1978;be;5;at;Total
1978;dk;3;at;Total
1978;fi; ;at;Total
1978;at;4;dk;Total
1978;be;1;dk;Total
1978;dk; ;dk;Total
1978;at; ;pt;Total
1978;at; ;tr;Total
1979;at;6;il;Total
1979;be;12;il;Total
1979;dk;1;il;Total
1979;fi;4;il;Total
1979;fr;12;il;Total
1979;de;8;il;Total
1979;gr;8;il;Total
1979;ie;1;il;Total
1979;il;12;il;Total
1979;it;12;il;Total
1979;lu;10;il;Total
1979;mc;12;il;Total
1979;nl;5;il;Total
1979;no;12;il;Total
1979;pt; ;il;Total
1979;at;3;es;Total
1979;be;8;es;Total
1979;dk;12;es;Total
1979;fi;6;es;Total
1979;fr;8;es;Total
1979;de;12;es;Total
1979;gr;10;es;Total
1979;ie;10;es;Total
1979;il;1;es;Total
1979;it;7;es;Total
1979;lu;12;es;Total
1979;mc;5;es;Total
1979;nl; ;es;Total
1979;at;1;fr;Total
1979;be;8;fr;Total
1979;dk;5;fr;Total
1979;fi;10;fr;Total
1979;fr;12;fr;Total
1979;de;10;fr;Total
1979;gr;12;fr;Total
1979;ie;7;fr;Total
1979;il;6;fr;Total
1979;it;3;fr;Total
1979;lu;5;fr;Total
1979;mc;10;fr;Total
1979;nl;6;fr;Total
1979;no; ;fr;Total
1979;at;3;de;Total
1979;be;12;de;Total
1979;dk;5;de;Total
1979;fi;6;de;Total
1979;fr;1;de;Total
1979;de;1;de;Total
1979;gr;12;de;Total
1979;ie;2;de;Total
1979;il;2;de;Total
1979;it;12;de;Total
1979;lu;6;de;Total
1979;mc;8;de;Total
1979;nl; ;de;Total
1979;at;6;ie;Total
1979;be;6;ie;Total
1979;dk;10;ie;Total
1979;fi;3;ie;Total
1979;fr;5;ie;Total
1979;de;7;ie;Total
1979;gr;5;ie;Total
1979;ie;5;ie;Total
1979;il;8;ie;Total
1979;it;6;ie;Total
1979;lu;4;ie;Total
1979;mc; ;ie;Total
1979;at;6;dk;Total
1979;be;10;dk;Total
1979;dk;12;dk;Total
1979;fi;2;dk;Total
1979;fr;12;dk;Total
1979;de;4;dk;Total
1979;gr;3;dk;Total
1979;ie;8;dk;Total
1979;il;4;dk;Total
1979;it;1;dk;Total
1979;lu;1;dk;Total
1979;mc;3;dk;Total
1979;nl; ;dk;Total
1979;at;7;gb;Total
1979;be;8;gb;Total
1979;dk;7;gb;Total
1979;fi;8;gb;Total
1979;fr;1;gb;Total
1979;de;5;gb;Total
1979;gr;10;gb;Total
1979;ie;4;gb;Total
1979;il;5;gb;Total
1979;it;2;gb;Total
1979;lu; ;gb;Total
1979;at;1;gr;Total
1979;be;4;gr;Total
1979;dk;2;gr;Total
1979;fi;4;gr;Total
1979;fr;10;gr;Total
1979;de;5;gr;Total
1979;gr;7;gr;Total
1979;ie;7;gr;Total
1979;il;10;gr;Total
1979;it;7;gr;Total
1979;lu;2;gr;Total
1979;mc;7;gr;Total
1979;nl; ;gr;Total
1979;at;2;pt;Total
1979;be;10;pt;Total
1979;dk;4;pt;Total
1979;fi;6;pt;Total
1979;fr;3;pt;Total
1979;de;5;pt;Total
1979;gr;3;pt;Total
1979;ie;6;pt;Total
1979;il;6;pt;Total
1979;it;3;pt;Total
1979;lu;4;pt;Total
1979;mc; ;pt;Total
1979;at;10;ch;Total
1979;be;7;ch;Total
1979;dk;7;ch;Total
1979;fi;2;ch;Total
1979;fr;1;ch;Total
1979;de;4;ch;Total
1979;gr;2;ch;Total
1979;ie;8;ch;Total
1979;il; ;ch;Total
1979;at;8;no;Total
1979;be;2;no;Total
1979;dk;3;no;Total
1979;fi;2;no;Total
1979;fr;6;no;Total
1979;de;6;no;Total
1979;gr;3;no;Total
1979;ie;1;no;Total
1979;il;10;no;Total
1979;it;7;no;Total
1979;lu; ;no;Total
1979;at;8;nl;Total
1979;be;5;nl;Total
1979;dk;3;nl;Total
1979;fi;3;nl;Total
1979;fr;10;nl;Total
1979;de;7;nl;Total
1979;gr;4;nl;Total
1979;ie;4;nl;Total
1979;il; ;nl;Total
1979;at;5;lu;Total
1979;be;3;lu;Total
1979;dk;4;lu;Total
1979;fi;4;lu;Total
1979;fr;2;lu;Total
1979;de;7;lu;Total
1979;gr;3;lu;Total
1979;ie;10;lu;Total
1979;il; ;lu;Total
1979;at;7;fi;Total
1979;be;7;fi;Total
1979;dk;6;fi;Total
1979;fi;8;fi;Total
1979;fr; ;fi;Total
1979;at;8;it;Total
1979;be;8;it;Total
1979;dk; ;it;Total
1979;at;2;mc;Total
1979;be;1;mc;Total
1979;dk;2;mc;Total
1979;fi; ;mc;Total
1979;at;1;se;Total
1979;be; ;se;Total
1979;at;2;be;Total
1979;be; ;be;Total
1979;at; ;at;Total
1980;at;12;ie;Total
1980;be;8;ie;Total
1980;dk;8;ie;Total
1980;fi;12;ie;Total
1980;fr;12;ie;Total
1980;de;1;ie;Total
1980;gr;7;ie;Total
1980;ie;6;ie;Total
1980;it;12;ie;Total
1980;lu;5;ie;Total
1980;ma;7;ie;Total
1980;nl;7;ie;Total
1980;no;12;ie;Total
1980;pt;12;ie;Total
1980;es; ;ie;Total
1980;at;7;de;Total
1980;be;2;de;Total
1980;dk;10;de;Total
1980;fi;5;de;Total
1980;fr;12;de;Total
1980;de;3;de;Total
1980;gr;10;de;Total
1980;ie;12;de;Total
1980;it;8;de;Total
1980;lu;12;de;Total
1980;ma;5;de;Total
1980;nl;7;de;Total
1980;no;10;de;Total
1980;pt;10;de;Total
1980;es; ;de;Total
1980;at;10;gb;Total
1980;be;4;gb;Total
1980;dk;5;gb;Total
1980;fi;3;gb;Total
1980;fr;6;gb;Total
1980;de;8;gb;Total
1980;gr;8;gb;Total
1980;ie;7;gb;Total
1980;it;7;gb;Total
1980;lu;8;gb;Total
1980;ma;12;gb;Total
1980;nl;10;gb;Total
1980;no;5;gb;Total
1980;pt; ;gb;Total
1980;at;8;ch;Total
1980;be;12;ch;Total
1980;dk;10;ch;Total
1980;fi;12;ch;Total
1980;fr;3;ch;Total
1980;de;5;ch;Total
1980;gr;7;ch;Total
1980;ie;10;ch;Total
1980;it;10;ch;Total
1980;lu;6;ch;Total
1980;ma;2;ch;Total
1980;nl;2;ch;Total
1980;no;2;ch;Total
1980;pt;7;ch;Total
1980;es; ;ch;Total
1980;at;10;nl;Total
1980;be;12;nl;Total
1980;dk;8;nl;Total
1980;fi;6;nl;Total
1980;fr;1;nl;Total
1980;de;12;nl;Total
1980;gr;4;nl;Total
1980;ie;5;nl;Total
1980;it;3;nl;Total
1980;lu;3;nl;Total
1980;ma;12;nl;Total
1980;nl;2;nl;Total
1980;no; ;nl;Total
1980;at;3;it;Total
1980;be;6;it;Total
1980;dk;2;it;Total
1980;fi;7;it;Total
1980;fr;2;it;Total
1980;de;2;it;Total
1980;gr;1;it;Total
1980;ie;2;it;Total
1980;it;12;it;Total
1980;lu;10;it;Total
1980;ma;10;it;Total
1980;nl;8;it;Total
1980;no;6;it;Total
1980;pt;4;it;Total
1980;es; ;it;Total
1980;at;1;pt;Total
1980;be;6;pt;Total
1980;dk;1;pt;Total
1980;fi;5;pt;Total
1980;fr;7;pt;Total
1980;de;10;pt;Total
1980;gr;4;pt;Total
1980;ie;5;pt;Total
1980;it;8;pt;Total
1980;lu;8;pt;Total
1980;ma;2;pt;Total
1980;nl;4;pt;Total
1980;no; ;pt;Total
1980;at;5;at;Total
1980;be;4;at;Total
1980;dk;4;at;Total
1980;fi;1;at;Total
1980;fr;10;at;Total
1980;de;4;at;Total
1980;gr;3;at;Total
1980;ie;3;at;Total
1980;it;6;at;Total
1980;lu;3;at;Total
1980;ma;4;at;Total
1980;nl;1;at;Total
1980;no;4;at;Total
1980;pt;6;at;Total
1980;es; ;at;Total
1980;at;4;lu;Total
1980;be;3;lu;Total
1980;dk;7;lu;Total
1980;fi;8;lu;Total
1980;fr;7;lu;Total
1980;de;3;lu;Total
1980;gr;6;lu;Total
1980;ie;1;lu;Total
1980;it;8;lu;Total
1980;lu; ;lu;Total
1980;at;5;se;Total
1980;be;10;se;Total
1980;dk;6;se;Total
1980;fi;1;se;Total
1980;fr;5;se;Total
1980;de;8;se;Total
1980;gr; ;se;Total
1980;at;7;fr;Total
1980;be;3;fr;Total
1980;dk;2;fr;Total
1980;fi;1;fr;Total
1980;fr;4;fr;Total
1980;de;3;fr;Total
1980;gr;6;fr;Total
1980;ie;4;fr;Total
1980;it;1;fr;Total
1980;lu;3;fr;Total
1980;ma;5;fr;Total
1980;nl; ;fr;Total
1980;at;6;es;Total
1980;be;6;es;Total
1980;dk;5;es;Total
1980;fi;2;es;Total
1980;fr;7;es;Total
1980;de; ;es;Total
1980;at;4;gr;Total
1980;be;2;gr;Total
1980;dk;1;gr;Total
1980;fi;8;gr;Total
1980;fr;4;gr;Total
1980;de;1;gr;Total
1980;gr;3;gr;Total
1980;ie; ;gr;Total
1980;at;4;dk;Total
1980;be;2;dk;Total
1980;dk;1;dk;Total
1980;fi;6;dk;Total
1980;fr; ;dk;Total
1980;at;12;tr;Total
1980;be; ;tr;Total
1980;at;4;no;Total
1980;be;2;no;Total
1980;dk; ;no;Total
1980;at;1;be;Total
1980;be; ;be;Total
1980;at; ;fi;Total
1981;at;4;gb;Total
1981;be;10;gb;Total
1981;cy;3;gb;Total
1981;dk;7;gb;Total
1981;fi;4;gb;Total
1981;fr;6;gb;Total
1981;de;10;gb;Total
1981;gr;12;gb;Total
1981;ie;5;gb;Total
1981;il;12;gb;Total
1981;lu;3;gb;Total
1981;nl;6;gb;Total
1981;no;8;gb;Total
1981;pt;8;gb;Total
1981;es;8;gb;Total
1981;se;8;gb;Total
1981;ch;10;gb;Total
1981;tr; ;gb;Total
1981;at;8;de;Total
1981;be;8;de;Total
1981;cy;7;de;Total
1981;dk;8;de;Total
1981;fi;5;de;Total
1981;fr;6;de;Total
1981;de;8;de;Total
1981;gr;3;de;Total
1981;ie;3;de;Total
1981;il;4;de;Total
1981;lu;12;de;Total
1981;nl;12;de;Total
1981;no;12;de;Total
1981;pt;12;de;Total
1981;es;7;de;Total
1981;se;2;de;Total
1981;ch; ;de;Total
1981;at;7;fr;Total
1981;be;2;fr;Total
1981;cy;10;fr;Total
1981;dk;12;fr;Total
1981;fi;8;fr;Total
1981;fr;4;fr;Total
1981;de;7;fr;Total
1981;gr;12;fr;Total
1981;ie;6;fr;Total
1981;il;5;fr;Total
1981;lu;10;fr;Total
1981;nl;10;fr;Total
1981;no;12;fr;Total
1981;pt;1;fr;Total
1981;es;4;fr;Total
1981;se; ;fr;Total
1981;at;4;ch;Total
1981;be;12;ch;Total
1981;cy;10;ch;Total
1981;dk;7;ch;Total
1981;fi;4;ch;Total
1981;fr;12;ch;Total
1981;de;8;ch;Total
1981;gr;1;ch;Total
1981;ie;12;ch;Total
1981;il;8;ch;Total
1981;lu;4;ch;Total
1981;nl;1;ch;Total
1981;no;2;ch;Total
1981;pt;12;ch;Total
1981;es;12;ch;Total
1981;se; ;ch;Total
1981;at;12;ie;Total
1981;be;12;ie;Total
1981;cy;6;ie;Total
1981;dk;6;ie;Total
1981;fi;10;ie;Total
1981;fr;10;ie;Total
1981;de;10;ie;Total
1981;gr;10;ie;Total
1981;ie;5;ie;Total
1981;il;7;ie;Total
1981;lu;1;ie;Total
1981;nl;3;ie;Total
1981;no;5;ie;Total
1981;pt; ;ie;Total
1981;at;12;cy;Total
1981;be;8;cy;Total
1981;cy;5;cy;Total
1981;dk;8;cy;Total
1981;fi;7;cy;Total
1981;fr;3;cy;Total
1981;de;10;cy;Total
1981;gr;6;cy;Total
1981;ie; ;cy;Total
1981;at;7;il;Total
1981;be;4;il;Total
1981;cy;7;il;Total
1981;dk;8;il;Total
1981;fi;5;il;Total
1981;fr;3;il;Total
1981;de;4;il;Total
1981;gr;4;il;Total
1981;ie; ;il;Total
1981;at;6;gr;Total
1981;be;2;gr;Total
1981;cy;1;gr;Total
1981;dk;6;gr;Total
1981;fi;2;gr;Total
1981;fr;10;gr;Total
1981;de;7;gr;Total
1981;gr;8;gr;Total
1981;ie;1;gr;Total
1981;il; ;gr;Total
1981;at;2;nl;Total
1981;be;7;nl;Total
1981;cy;2;nl;Total
1981;dk;3;nl;Total
1981;fi;3;nl;Total
1981;fr;4;nl;Total
1981;de;7;nl;Total
1981;gr;7;nl;Total
1981;ie;5;nl;Total
1981;il;6;nl;Total
1981;lu; ;nl;Total
1981;at;5;se;Total
1981;be;1;se;Total
1981;cy;12;se;Total
1981;dk;10;se;Total
1981;fi;2;se;Total
1981;fr;6;se;Total
1981;de;2;se;Total
1981;gr;7;se;Total
1981;ie; ;se;Total
1981;at;3;lu;Total
1981;be;5;lu;Total
1981;cy;3;lu;Total
1981;dk;4;lu;Total
1981;fi;1;lu;Total
1981;fr;5;lu;Total
1981;de;6;lu;Total
1981;gr; ;lu;Total
1981;at;1;dk;Total
1981;be;7;dk;Total
1981;cy;2;dk;Total
1981;dk;2;dk;Total
1981;fi;3;dk;Total
1981;fr;4;dk;Total
1981;de;1;dk;Total
1981;gr;5;dk;Total
1981;ie; ;dk;Total
1981;at;6;be;Total
1981;be;2;be;Total
1981;cy;7;be;Total
1981;dk;1;be;Total
1981;fi;7;be;Total
1981;fr;3;be;Total
1981;de;8;be;Total
1981;gr; ;be;Total
1981;at;4;es;Total
1981;be;10;es;Total
1981;cy;3;es;Total
1981;dk;2;es;Total
1981;fi;10;es;Total
1981;fr; ;es;Total
1981;at;8;yu;Total
1981;be;2;yu;Total
1981;cy;2;yu;Total
1981;dk;1;yu;Total
1981;fi;10;yu;Total
1981;fr;4;yu;Total
1981;de; ;yu;Total
1981;at;2;fi;Total
1981;be;5;fi;Total
1981;cy;1;fi;Total
1981;dk;2;fi;Total
1981;fi;6;fi;Total
1981;fr;5;fi;Total
1981;de; ;fi;Total
1981;at;6;at;Total
1981;be;2;at;Total
1981;cy;6;at;Total
1981;dk; ;at;Total
1981;at;3;tr;Total
1981;be; ;tr;Total
1981;at; ;pt;Total
1982;at;12;de;Total
1982;be;12;de;Total
1982;cy;10;de;Total
1982;dk;12;de;Total
1982;fi;12;de;Total
1982;de;6;de;Total
1982;ie;10;de;Total
1982;il;12;de;Total
1982;lu;12;de;Total
1982;nl;8;de;Total
1982;no;12;de;Total
1982;pt;12;de;Total
1982;es;8;de;Total
1982;se;12;de;Total
1982;ch; ;de;Total
1982;at;2;il;Total
1982;be;1;il;Total
1982;cy;12;il;Total
1982;dk;12;il;Total
1982;fi;10;il;Total
1982;de;8;il;Total
1982;ie;1;il;Total
1982;il;10;il;Total
1982;lu;6;il;Total
1982;nl;10;il;Total
1982;no;10;il;Total
1982;pt;1;il;Total
1982;es;3;il;Total
1982;se; ;il;Total
1982;at;6;ch;Total
1982;be;7;ch;Total
1982;cy;8;ch;Total
1982;dk;10;ch;Total
1982;fi;2;ch;Total
1982;de;10;ch;Total
1982;ie;4;ch;Total
1982;il;2;ch;Total
1982;lu;2;ch;Total
1982;nl;2;ch;Total
1982;no;12;ch;Total
1982;pt;10;ch;Total
1982;es; ;ch;Total
1982;at;10;be;Total
1982;be;5;be;Total
1982;cy;4;be;Total
1982;dk;4;be;Total
1982;fi;6;be;Total
1982;de;5;be;Total
1982;ie;3;be;Total
1982;il;5;be;Total
1982;lu;8;be;Total
1982;nl;10;be;Total
1982;no;7;be;Total
1982;pt;2;be;Total
1982;es;6;be;Total
1982;se;2;be;Total
1982;ch;7;be;Total
1982;tr; ;be;Total
1982;at;8;cy;Total
1982;be;6;cy;Total
1982;cy;7;cy;Total
1982;dk;4;cy;Total
1982;fi;12;cy;Total
1982;de;12;cy;Total
1982;ie;5;cy;Total
1982;il;7;cy;Total
1982;lu;8;cy;Total
1982;nl;3;cy;Total
1982;no;5;cy;Total
1982;pt; ;cy;Total
1982;at;4;lu;Total
1982;be;7;lu;Total
1982;cy;8;lu;Total
1982;dk;10;lu;Total
1982;fi;5;lu;Total
1982;de;7;lu;Total
1982;ie;7;lu;Total
1982;il;6;lu;Total
1982;lu;5;lu;Total
1982;nl;3;lu;Total
1982;no;6;lu;Total
1982;pt; ;lu;Total
1982;at;2;gb;Total
1982;be;4;gb;Total
1982;cy;1;gb;Total
1982;dk;7;gb;Total
1982;fi;2;gb;Total
1982;de;12;gb;Total
1982;ie;1;gb;Total
1982;il;6;gb;Total
1982;lu;4;gb;Total
1982;nl;1;gb;Total
1982;no;5;gb;Total
1982;pt;10;gb;Total
1982;es;6;gb;Total
1982;se; ;gb;Total
1982;at;8;se;Total
1982;be;3;se;Total
1982;cy;2;se;Total
1982;dk;3;se;Total
1982;fi;3;se;Total
1982;de;5;se;Total
1982;ie;8;se;Total
1982;il;7;se;Total
1982;lu;4;se;Total
1982;nl;4;se;Total
1982;no;5;se;Total
1982;pt;2;se;Total
1982;es; ;se;Total
1982;at;6;at;Total
1982;be;5;at;Total
1982;cy;4;at;Total
1982;dk;8;at;Total
1982;fi;7;at;Total
1982;de;10;at;Total
1982;ie;4;at;Total
1982;il; ;at;Total
1982;at;6;es;Total
1982;be;7;es;Total
1982;cy;8;es;Total
1982;dk;1;es;Total
1982;fi;7;es;Total
1982;de;8;es;Total
1982;ie;1;es;Total
1982;il; ;es;Total
1982;at;3;ie;Total
1982;be;3;ie;Total
1982;cy;2;ie;Total
1982;dk;1;ie;Total
1982;fi;3;ie;Total
1982;de;5;ie;Total
1982;ie;6;ie;Total
1982;il;1;ie;Total
1982;lu;7;ie;Total
1982;nl;8;ie;Total
1982;no; ;ie;Total
1982;at;4;no;Total
1982;be;10;no;Total
1982;cy;6;no;Total
1982;dk;6;no;Total
1982;fi;2;no;Total
1982;de;4;no;Total
1982;ie; ;no;Total
1982;at;1;pt;Total
1982;be;7;pt;Total
1982;cy;4;pt;Total
1982;dk;6;pt;Total
1982;fi;1;pt;Total
1982;de;5;pt;Total
1982;ie;4;pt;Total
1982;il; ;pt;Total
1982;at;3;yu;Total
1982;be;12;yu;Total
1982;cy;4;yu;Total
1982;dk; ;yu;Total
1982;at;8;tr;Total
1982;be;2;tr;Total
1982;cy;3;tr;Total
1982;dk;3;tr;Total
1982;fi; ;tr;Total
1982;at; ;nl;Total
1982;at;1;dk;Total
1982;be; ;dk;Total
1983;at;10;lu;Total
1983;be;2;lu;Total
1983;cy;8;lu;Total
1983;dk;12;lu;Total
1983;fi;8;lu;Total
1983;fr;12;lu;Total
1983;de;12;lu;Total
1983;gr;12;lu;Total
1983;il;1;lu;Total
1983;it;12;lu;Total
1983;lu;7;lu;Total
1983;nl;10;lu;Total
1983;no;3;lu;Total
1983;pt;8;lu;Total
1983;es;12;lu;Total
1983;se; ;lu;Total
1983;at;7;il;Total
1983;be;7;il;Total
1983;cy;8;il;Total
1983;dk;10;il;Total
1983;fi;3;il;Total
1983;fr;3;il;Total
1983;de;10;il;Total
1983;gr;12;il;Total
1983;il;6;il;Total
1983;it;10;il;Total
1983;lu;6;il;Total
1983;nl;5;il;Total
1983;no;7;il;Total
1983;pt;10;il;Total
1983;es;10;il;Total
1983;se; ;il;Total
1983;at;7;se;Total
1983;be;10;se;Total
1983;cy;10;se;Total
1983;dk;6;se;Total
1983;fi;12;se;Total
1983;fr;10;se;Total
1983;de;8;se;Total
1983;gr;8;se;Total
1983;il;3;se;Total
1983;it;12;se;Total
1983;lu;4;se;Total
1983;nl;2;se;Total
1983;no;5;se;Total
1983;pt;7;se;Total
1983;es;8;se;Total
1983;se;1;se;Total
1983;ch; ;se;Total
1983;at;8;yu;Total
1983;be;12;yu;Total
1983;cy;12;yu;Total
1983;dk;6;yu;Total
1983;fi;6;yu;Total
1983;fr;10;yu;Total
1983;de;1;yu;Total
1983;gr;8;yu;Total
1983;il;7;yu;Total
1983;it;8;yu;Total
1983;lu;10;yu;Total
1983;nl;12;yu;Total
1983;no;12;yu;Total
1983;pt; ;yu;Total
1983;at;3;de;Total
1983;be;4;de;Total
1983;cy;10;de;Total
1983;dk;1;de;Total
1983;fi;6;de;Total
1983;fr;12;de;Total
1983;de;10;de;Total
1983;gr;10;de;Total
1983;il;8;de;Total
1983;it;8;de;Total
1983;lu;2;de;Total
1983;nl;7;de;Total
1983;no; ;de;Total
1983;at;5;gb;Total
1983;be;5;gb;Total
1983;cy;3;gb;Total
1983;dk;5;gb;Total
1983;fi;2;gb;Total
1983;fr;6;gb;Total
1983;de;5;gb;Total
1983;gr;5;gb;Total
1983;il;2;gb;Total
1983;it;12;gb;Total
1983;lu;8;gb;Total
1983;nl;5;gb;Total
1983;no; ;gb;Total
1983;at;5;nl;Total
1983;be;4;nl;Total
1983;cy;3;nl;Total
1983;dk;2;nl;Total
1983;fi;2;nl;Total
1983;fr;3;nl;Total
1983;de;4;nl;Total
1983;gr;4;nl;Total
1983;il;7;nl;Total
1983;it;6;nl;Total
1983;lu;12;nl;Total
1983;nl;2;nl;Total
1983;no;1;nl;Total
1983;pt;5;nl;Total
1983;es; ;nl;Total
1983;at;4;fr;Total
1983;be;7;fr;Total
1983;cy;1;fr;Total
1983;dk;10;fr;Total
1983;fi;3;fr;Total
1983;fr;2;fr;Total
1983;de;3;fr;Total
1983;gr;3;fr;Total
1983;il;10;fr;Total
1983;it;3;fr;Total
1983;lu; ;fr;Total
1983;at;8;no;Total
1983;be;1;no;Total
1983;cy;4;no;Total
1983;dk;2;no;Total
1983;fi;8;no;Total
1983;fr;6;no;Total
1983;de;3;no;Total
1983;gr;6;no;Total
1983;il;5;no;Total
1983;it; ;no;Total
1983;at;6;at;Total
1983;be;4;at;Total
1983;cy;2;at;Total
1983;dk;5;at;Total
1983;fi;4;at;Total
1983;fr;5;at;Total
1983;de;4;at;Total
1983;gr;10;at;Total
1983;il;3;at;Total
1983;it;4;at;Total
1983;lu; ;at;Total
1983;at;7;it;Total
1983;be;2;it;Total
1983;cy;6;it;Total
1983;dk;7;it;Total
1983;fi;3;it;Total
1983;fr;2;it;Total
1983;de;4;it;Total
1983;gr;8;it;Total
1983;il; ;it;Total
1983;at;7;fi;Total
1983;be;8;fi;Total
1983;cy;7;fi;Total
1983;dk;1;fi;Total
1983;fi;2;fi;Total
1983;fr;4;fi;Total
1983;de;3;fi;Total
1983;gr;6;fi;Total
1983;il; ;fi;Total
1983;at;7;pt;Total
1983;be;6;pt;Total
1983;cy;5;pt;Total
1983;dk;1;pt;Total
1983;fi;6;pt;Total
1983;fr;2;pt;Total
1983;de; ;pt;Total
1983;at;3;gr;Total
1983;be;12;gr;Total
1983;cy; ;gr;Total
1983;at;7;ch;Total
1983;be;5;ch;Total
1983;cy;1;ch;Total
1983;dk;1;ch;Total
1983;fi;7;ch;Total
1983;fr; ;ch;Total
1983;at;5;cy;Total
1983;be;5;cy;Total
1983;cy;4;cy;Total
1983;dk;1;cy;Total
1983;fi;6;cy;Total
1983;fr; ;cy;Total
1983;at;7;dk;Total
1983;be;1;dk;Total
1983;cy;2;dk;Total
1983;dk; ;dk;Total
1983;at;4;be;Total
1983;be; ;be;Total
1984;at;12;se;Total
1984;be;12;se;Total
1984;cy;8;se;Total
1984;dk;6;se;Total
1984;fi;12;se;Total
1984;fr;12;se;Total
1984;de;6;se;Total
1984;ie;6;se;Total
1984;it;10;se;Total
1984;lu;10;se;Total
1984;nl;4;se;Total
1984;no;4;se;Total
1984;pt;10;se;Total
1984;es;3;se;Total
1984;se;7;se;Total
1984;ch;4;se;Total
1984;tr; ;se;Total
1984;at;10;ie;Total
1984;be;3;ie;Total
1984;cy;7;ie;Total
1984;dk;3;ie;Total
1984;fi;10;ie;Total
1984;fr;12;ie;Total
1984;de;5;ie;Total
1984;ie;7;ie;Total
1984;it;4;ie;Total
1984;lu;2;ie;Total
1984;nl;10;ie;Total
1984;no;12;ie;Total
1984;pt;12;ie;Total
1984;es;10;ie;Total
1984;se;8;ie;Total
1984;ch; ;ie;Total
1984;at;6;es;Total
1984;be;7;es;Total
1984;cy;10;es;Total
1984;dk;7;es;Total
1984;fi;8;es;Total
1984;fr;8;es;Total
1984;de;2;es;Total
1984;ie;6;es;Total
1984;it;12;es;Total
1984;lu;10;es;Total
1984;nl;3;es;Total
1984;no;12;es;Total
1984;pt;4;es;Total
1984;es;2;es;Total
1984;se; ;es;Total
1984;at;5;dk;Total
1984;be;5;dk;Total
1984;cy;8;dk;Total
1984;dk;5;dk;Total
1984;fi;10;dk;Total
1984;fr;5;dk;Total
1984;de;3;dk;Total
1984;ie;3;dk;Total
1984;it;12;dk;Total
1984;lu;1;dk;Total
1984;nl;6;dk;Total
1984;no;5;dk;Total
1984;pt;1;dk;Total
1984;es;2;dk;Total
1984;se;12;dk;Total
1984;ch;6;dk;Total
1984;tr; ;dk;Total
1984;at;12;be;Total
1984;be;4;be;Total
1984;cy;1;be;Total
1984;dk;12;be;Total
1984;fi;8;be;Total
1984;fr;3;be;Total
1984;de;10;be;Total
1984;ie;2;be;Total
1984;it;5;be;Total
1984;lu; ;be;Total
1984;at;6;it;Total
1984;be;10;it;Total
1984;cy;1;it;Total
1984;dk;8;it;Total
1984;fi;12;it;Total
1984;fr;7;it;Total
1984;de;7;it;Total
1984;ie; ;it;Total
1984;at;2;gb;Total
1984;be;1;gb;Total
1984;cy;4;gb;Total
1984;dk;7;gb;Total
1984;fi;8;gb;Total
1984;fr;10;gb;Total
1984;de;1;gb;Total
1984;ie;4;gb;Total
1984;it;8;gb;Total
1984;lu;6;gb;Total
1984;nl;3;gb;Total
1984;no;3;gb;Total
1984;pt;1;gb;Total
1984;es;1;gb;Total
1984;se; ;gb;Total
1984;at;3;fr;Total
1984;be;7;fr;Total
1984;cy;12;fr;Total
1984;dk;2;fr;Total
1984;fi;7;fr;Total
1984;fr;2;fr;Total
1984;de;4;fr;Total
1984;ie;6;fr;Total
1984;it; ;fr;Total
1984;at;6;fi;Total
1984;be;5;fi;Total
1984;cy;1;fi;Total
1984;dk;5;fi;Total
1984;fi;3;fi;Total
1984;fr;1;fi;Total
1984;de;7;fi;Total
1984;ie;6;fi;Total
1984;it;3;fi;Total
1984;lu; ;fi;Total
1984;at;5;lu;Total
1984;be;3;lu;Total
1984;cy;7;lu;Total
1984;dk;4;lu;Total
1984;fi;8;lu;Total
1984;fr; ;lu;Total
1984;at;6;pt;Total
1984;be;5;pt;Total
1984;cy;8;pt;Total
1984;dk;7;pt;Total
1984;fi; ;pt;Total
1984;at;2;tr;Total
1984;be;1;tr;Total
1984;cy;6;tr;Total
1984;dk;6;tr;Total
1984;fi;5;tr;Total
1984;fr;10;tr;Total
1984;de; ;tr;Total
1984;at;2;nl;Total
1984;be;8;nl;Total
1984;cy;5;nl;Total
1984;dk;1;nl;Total
1984;fi;5;nl;Total
1984;fr; ;nl;Total
1984;at;2;de;Total
1984;be;4;de;Total
1984;cy;2;de;Total
1984;dk;5;de;Total
1984;fi;7;de;Total
1984;fr;5;de;Total
1984;de;2;de;Total
1984;ie; ;de;Total
1984;at;4;cy;Total
1984;be;4;cy;Total
1984;cy;12;cy;Total
1984;dk; ;cy;Total
1984;at;8;ch;Total
1984;be;1;ch;Total
1984;cy;4;ch;Total
1984;dk;1;ch;Total
1984;fi;10;ch;Total
1984;fr; ;ch;Total
1984;at;2;no;Total
1984;be;3;no;Total
1984;cy;7;no;Total
1984;dk;8;no;Total
1984;fi;2;no;Total
1984;fr; ;no;Total
1984;at;2;yu;Total
1984;be;3;yu;Total
1984;cy;8;yu;Total
1984;dk;3;yu;Total
1984;fi; ;yu;Total
1984;at; ;at;Total
1985;at;12;no;Total
1985;be;4;no;Total
1985;cy;2;no;Total
1985;dk;12;no;Total
1985;fi;1;no;Total
1985;fr;12;no;Total
1985;de;12;no;Total
1985;gr;6;no;Total
1985;ie;7;no;Total
1985;il;1;no;Total
1985;it;12;no;Total
1985;lu;6;no;Total
1985;no;12;no;Total
1985;pt; ;no;Total
1985;at;10;de;Total
1985;be;10;de;Total
1985;cy;8;de;Total
1985;dk;4;de;Total
1985;fi;7;de;Total
1985;fr;10;de;Total
1985;de;8;de;Total
1985;gr;7;de;Total
1985;ie;10;de;Total
1985;il;8;de;Total
1985;it;1;de;Total
1985;lu; ;de;Total
1985;at;8;se;Total
1985;be;12;se;Total
1985;cy;7;se;Total
1985;dk;8;se;Total
1985;fi;10;se;Total
1985;fr;6;se;Total
1985;de;4;se;Total
1985;gr;5;se;Total
1985;ie;12;se;Total
1985;il;2;se;Total
1985;it;8;se;Total
1985;lu;4;se;Total
1985;no;6;se;Total
1985;pt; ;se;Total
1985;at;5;gb;Total
1985;be;7;gb;Total
1985;cy;6;gb;Total
1985;dk;5;gb;Total
1985;fi;4;gb;Total
1985;fr;5;gb;Total
1985;de;2;gb;Total
1985;gr;8;gb;Total
1985;ie;8;gb;Total
1985;il;7;gb;Total
1985;it;6;gb;Total
1985;lu;5;gb;Total
1985;no;4;gb;Total
1985;pt;10;gb;Total
1985;es;10;gb;Total
1985;se; ;gb;Total
1985;at;4;il;Total
1985;be;12;il;Total
1985;cy;7;il;Total
1985;dk;2;il;Total
1985;fi;8;il;Total
1985;fr;5;il;Total
1985;de;6;il;Total
1985;gr;10;il;Total
1985;ie;5;il;Total
1985;il;8;il;Total
1985;it;2;il;Total
1985;lu;7;il;Total
1985;no;5;il;Total
1985;pt; ;il;Total
1985;at;7;ie;Total
1985;be;3;ie;Total
1985;cy;1;ie;Total
1985;dk;3;ie;Total
1985;fi;4;ie;Total
1985;fr;8;ie;Total
1985;de;12;ie;Total
1985;gr;3;ie;Total
1985;ie;8;ie;Total
1985;il;4;ie;Total
1985;it;7;ie;Total
1985;lu;5;ie;Total
1985;no;5;ie;Total
1985;pt;3;ie;Total
1985;es; ;ie;Total
1985;at;10;it;Total
1985;be;1;it;Total
1985;cy;6;it;Total
1985;dk;5;it;Total
1985;fi;4;it;Total
1985;fr;12;it;Total
1985;de;12;it;Total
1985;gr;12;it;Total
1985;ie;8;it;Total
1985;il; ;it;Total
1985;at;1;at;Total
1985;be;10;at;Total
1985;cy;5;at;Total
1985;dk;3;at;Total
1985;fi;10;at;Total
1985;fr;4;at;Total
1985;de;2;at;Total
1985;gr;3;at;Total
1985;ie;1;at;Total
1985;il;10;at;Total
1985;it; ;at;Total
1985;at;6;fi;Total
1985;be;1;fi;Total
1985;cy;7;fi;Total
1985;dk;6;fi;Total
1985;fi;10;fi;Total
1985;fr;2;fi;Total
1985;de;3;fi;Total
1985;gr;7;fi;Total
1985;ie; ;fi;Total
1985;at;5;fr;Total
1985;be;12;fr;Total
1985;cy;3;fr;Total
1985;dk;10;fr;Total
1985;fi;3;fr;Total
1985;fr;3;fr;Total
1985;de;6;fr;Total
1985;gr;4;fr;Total
1985;ie;1;fr;Total
1985;il;2;fr;Total
1985;it; ;fr;Total
1985;at;3;dk;Total
1985;be;10;dk;Total
1985;cy;6;dk;Total
1985;dk;2;dk;Total
1985;fi;6;dk;Total
1985;fr;1;dk;Total
1985;de;5;dk;Total
1985;gr; ;dk;Total
1985;at;2;ch;Total
1985;be;6;ch;Total
1985;cy;3;ch;Total
1985;dk;1;ch;Total
1985;fi;3;ch;Total
1985;fr;2;ch;Total
1985;de;5;ch;Total
1985;gr;4;ch;Total
1985;ie;1;ch;Total
1985;il;6;ch;Total
1985;it; ;ch;Total
1985;at;4;lu;Total
1985;be;3;lu;Total
1985;cy;5;lu;Total
1985;dk;1;lu;Total
1985;fi;4;lu;Total
1985;fr;10;lu;Total
1985;de; ;lu;Total
1985;at;6;es;Total
1985;be;2;es;Total
1985;cy;1;es;Total
1985;dk;2;es;Total
1985;fi;12;es;Total
1985;fr;4;es;Total
1985;de; ;es;Total
1985;at;2;tr;Total
1985;be;7;tr;Total
1985;cy;1;tr;Total
1985;dk;3;tr;Total
1985;fi;12;tr;Total
1985;fr;8;tr;Total
1985;de; ;tr;Total
1985;at;3;cy;Total
1985;be;3;cy;Total
1985;cy; ;cy;Total
1985;at; ;gr;Total
1985;at; ;pt;Total
1986;at;10;be;Total
1986;be;12;be;Total
1986;cy;12;be;Total
1986;dk;1;be;Total
1986;fi;10;be;Total
1986;fr;12;be;Total
1986;de;5;be;Total
1986;is;10;be;Total
1986;ie;10;be;Total
1986;il;8;be;Total
1986;lu;12;be;Total
1986;nl;10;be;Total
1986;no;6;be;Total
1986;pt;10;be;Total
1986;es;12;be;Total
1986;se;10;be;Total
1986;ch;10;be;Total
1986;tr; ;be;Total
1986;at;5;ch;Total
1986;be;4;ch;Total
1986;cy;7;ch;Total
1986;dk;7;ch;Total
1986;fi;3;ch;Total
1986;fr;10;ch;Total
1986;de;12;ch;Total
1986;is;12;ch;Total
1986;ie;12;ch;Total
1986;il;5;ch;Total
1986;lu;10;ch;Total
1986;nl;4;ch;Total
1986;no;12;ch;Total
1986;pt;10;ch;Total
1986;es;5;ch;Total
1986;se;6;ch;Total
1986;ch; ;ch;Total
1986;at;8;lu;Total
1986;be;2;lu;Total
1986;cy;4;lu;Total
1986;dk;8;lu;Total
1986;fi;12;lu;Total
1986;fr;1;lu;Total
1986;de;7;lu;Total
1986;is;4;lu;Total
1986;ie;8;lu;Total
1986;il;12;lu;Total
1986;lu;6;lu;Total
1986;nl;10;lu;Total
1986;no;2;lu;Total
1986;pt;8;lu;Total
1986;es;5;lu;Total
1986;se; ;lu;Total
1986;at;12;ie;Total
1986;be;8;ie;Total
1986;cy;3;ie;Total
1986;dk;8;ie;Total
1986;fi;6;ie;Total
1986;fr;3;ie;Total
1986;de;2;ie;Total
1986;is;8;ie;Total
1986;ie;12;ie;Total
1986;il;7;ie;Total
1986;lu;5;ie;Total
1986;nl;8;ie;Total
1986;no; ;ie;Total
1986;at;5;se;Total
1986;be;2;se;Total
1986;cy;4;se;Total
1986;dk;12;se;Total
1986;fi;5;se;Total
1986;fr;3;se;Total
1986;de;7;se;Total
1986;is;7;se;Total
1986;ie;12;se;Total
1986;il;3;se;Total
1986;lu;7;se;Total
1986;nl; ;se;Total
1986;at;7;dk;Total
1986;be;7;dk;Total
1986;cy;4;dk;Total
1986;dk;10;dk;Total
1986;fi;4;dk;Total
1986;fr;10;dk;Total
1986;de;5;dk;Total
1986;is;5;dk;Total
1986;ie;4;dk;Total
1986;il;3;dk;Total
1986;lu;6;dk;Total
1986;nl; ;dk;Total
1986;at;8;gb;Total
1986;be;10;gb;Total
1986;cy;10;gb;Total
1986;dk;5;gb;Total
1986;fi;2;gb;Total
1986;fr;4;gb;Total
1986;de;6;gb;Total
1986;is;2;gb;Total
1986;ie;2;gb;Total
1986;il;8;gb;Total
1986;lu;4;gb;Total
1986;nl;6;gb;Total
1986;no; ;gb;Total
1986;at;7;de;Total
1986;be;2;de;Total
1986;cy;8;de;Total
1986;dk;8;de;Total
1986;fi;4;de;Total
1986;fr;5;de;Total
1986;de;12;de;Total
1986;is;1;de;Total
1986;ie; ;de;Total
1986;at;8;tr;Total
1986;be;3;tr;Total
1986;cy;6;tr;Total
1986;dk;6;tr;Total
1986;fi;8;tr;Total
1986;fr;2;tr;Total
1986;de;12;tr;Total
1986;is; ;tr;Total
1986;at;3;es;Total
1986;be;1;es;Total
1986;cy;6;es;Total
1986;dk;2;es;Total
1986;fi;5;es;Total
1986;fr;7;es;Total
1986;de;3;es;Total
1986;is;1;es;Total
1986;ie;8;es;Total
1986;il;1;es;Total
1986;lu;4;es;Total
1986;nl; ;es;Total
1986;at;12;yu;Total
1986;be;5;yu;Total
1986;cy;3;yu;Total
1986;dk;1;yu;Total
1986;fi;2;yu;Total
1986;fr;7;yu;Total
1986;de;3;yu;Total
1986;is;1;yu;Total
1986;ie;3;yu;Total
1986;il;7;yu;Total
1986;lu; ;yu;Total
1986;at;5;no;Total
1986;be;4;no;Total
1986;cy;6;no;Total
1986;dk;4;no;Total
1986;fi;6;no;Total
1986;fr;2;no;Total
1986;de;6;no;Total
1986;is; ;no;Total
1986;at;10;nl;Total
1986;be;8;nl;Total
1986;cy;1;nl;Total
1986;dk;7;nl;Total
1986;fi;1;nl;Total
1986;fr;7;nl;Total
1986;de;2;nl;Total
1986;is; ;nl;Total
1986;at;4;pt;Total
1986;be;8;pt;Total
1986;cy;4;pt;Total
1986;dk;4;pt;Total
1986;fi; ;pt;Total
1986;at;3;fi;Total
1986;be;6;fi;Total
1986;cy;1;fi;Total
1986;dk;1;fi;Total
1986;fi; ;fi;Total
1986;at;6;is;Total
1986;be;2;is;Total
1986;cy;2;is;Total
1986;dk; ;is;Total
1986;at;7;fr;Total
1986;be; ;fr;Total
1986;at;2;at;Total
1986;be;2;at;Total
1986;cy;1;at;Total
1986;dk; ;at;Total
1986;at;5;il;Total
1986;be; ;il;Total
1986;at; ;cy;Total
1987;at;8;ie;Total
1987;be;5;ie;Total
1987;cy;12;ie;Total
1987;dk;1;ie;Total
1987;fi;6;ie;Total
1987;fr;4;ie;Total
1987;de;12;ie;Total
1987;gr;10;ie;Total
1987;is;12;ie;Total
1987;ie;8;ie;Total
1987;il;8;ie;Total
1987;it;10;ie;Total
1987;lu;12;ie;Total
1987;nl;12;ie;Total
1987;no;10;ie;Total
1987;pt;12;ie;Total
1987;es;6;ie;Total
1987;se; ;ie;Total
1987;at;6;de;Total
1987;be;12;de;Total
1987;cy;10;de;Total
1987;dk;6;de;Total
1987;fi;12;de;Total
1987;fr;7;de;Total
1987;de;8;de;Total
1987;gr;4;de;Total
1987;is;6;de;Total
1987;ie;10;de;Total
1987;il;3;de;Total
1987;it;5;de;Total
1987;lu;1;de;Total
1987;nl;7;de;Total
1987;no;1;de;Total
1987;pt;6;de;Total
1987;es;10;de;Total
1987;se;7;de;Total
1987;ch; ;de;Total
1987;at;1;it;Total
1987;be;4;it;Total
1987;cy;12;it;Total
1987;dk;3;it;Total
1987;fi;12;it;Total
1987;fr;3;it;Total
1987;de;4;it;Total
1987;gr;12;it;Total
1987;is;12;it;Total
1987;ie;1;it;Total
1987;il;7;it;Total
1987;it;8;it;Total
1987;lu;1;it;Total
1987;nl;12;it;Total
1987;no; ;it;Total
1987;at;10;yu;Total
1987;be;8;yu;Total
1987;cy;2;yu;Total
1987;dk;2;yu;Total
1987;fi;10;yu;Total
1987;fr;1;yu;Total
1987;de;7;yu;Total
1987;gr;12;yu;Total
1987;is;6;yu;Total
1987;ie;6;yu;Total
1987;il;12;yu;Total
1987;it; ;yu;Total
1987;at;2;nl;Total
1987;be;12;nl;Total
1987;cy;3;nl;Total
1987;dk;6;nl;Total
1987;fi;5;nl;Total
1987;fr;10;nl;Total
1987;de;8;nl;Total
1987;gr;5;nl;Total
1987;is;10;nl;Total
1987;ie;7;nl;Total
1987;il;3;nl;Total
1987;it;8;nl;Total
1987;lu; ;nl;Total
1987;at;8;dk;Total
1987;be;8;dk;Total
1987;cy;7;dk;Total
1987;dk;4;dk;Total
1987;fi;6;dk;Total
1987;fr;2;dk;Total
1987;de;6;dk;Total
1987;gr;7;dk;Total
1987;is;1;dk;Total
1987;ie;8;dk;Total
1987;il;3;dk;Total
1987;it;1;dk;Total
1987;lu;7;dk;Total
1987;nl; ;dk;Total
1987;at;5;cy;Total
1987;be;3;cy;Total
1987;cy;12;cy;Total
1987;dk;6;cy;Total
1987;fi;8;cy;Total
1987;fr;2;cy;Total
1987;de;6;cy;Total
1987;gr;2;cy;Total
1987;is;4;cy;Total
1987;ie;6;cy;Total
1987;il;10;cy;Total
1987;it; ;cy;Total
1987;at;7;il;Total
1987;be;10;il;Total
1987;cy;8;il;Total
1987;dk;5;il;Total
1987;fi;5;il;Total
1987;fr;3;il;Total
1987;de;2;il;Total
1987;gr;10;il;Total
1987;is;4;il;Total
1987;ie;8;il;Total
1987;il;4;il;Total
1987;it; ;il;Total
1987;at;3;no;Total
1987;be;3;no;Total
1987;cy;5;no;Total
1987;dk;4;no;Total
1987;fi;7;no;Total
1987;fr;2;no;Total
1987;de;7;no;Total
1987;gr;4;no;Total
1987;is;3;no;Total
1987;ie;10;no;Total
1987;il;6;no;Total
1987;it; ;no;Total
1987;at;6;gr;Total
1987;be;7;gr;Total
1987;cy;1;gr;Total
1987;dk;8;gr;Total
1987;fi;7;gr;Total
1987;fr;5;gr;Total
1987;de;6;gr;Total
1987;gr;5;gr;Total
1987;is;5;gr;Total
1987;ie; ;gr;Total
1987;at;3;be;Total
1987;be;4;be;Total
1987;cy;2;be;Total
1987;dk;6;be;Total
1987;fi;5;be;Total
1987;fr;5;be;Total
1987;de;7;be;Total
1987;gr;4;be;Total
1987;is;8;be;Total
1987;ie;4;be;Total
1987;il; ;be;Total
1987;at;7;se;Total
1987;be;3;se;Total
1987;cy;8;se;Total
1987;dk;12;se;Total
1987;fi;3;se;Total
1987;fr;7;se;Total
1987;de;2;se;Total
1987;gr; ;se;Total
1987;at;2;gb;Total
1987;be;4;gb;Total
1987;cy;1;gb;Total
1987;dk;3;gb;Total
1987;fi;10;gb;Total
1987;fr;1;gb;Total
1987;de;3;gb;Total
1987;gr;5;gb;Total
1987;is;5;gb;Total
1987;ie;3;gb;Total
1987;il;2;gb;Total
1987;it; ;gb;Total
1987;at;4;fr;Total
1987;be;10;fr;Total
1987;cy;5;fr;Total
1987;dk;12;fr;Total
1987;fi;1;fr;Total
1987;fr;1;fr;Total
1987;de;2;fr;Total
1987;gr; ;fr;Total
1987;at;2;fi;Total
1987;be;8;fi;Total
1987;cy;10;fi;Total
1987;dk;4;fi;Total
1987;fi;2;fi;Total
1987;fr;3;fi;Total
1987;de;1;fi;Total
1987;gr; ;fi;Total
1987;at;6;is;Total
1987;be;4;is;Total
1987;cy;4;is;Total
1987;dk; ;is;Total
1987;at;2;ch;Total
1987;be;1;ch;Total
1987;cy;3;ch;Total
1987;dk;7;ch;Total
1987;fi;5;ch;Total
1987;fr;3;ch;Total
1987;de; ;ch;Total
1987;at;8;pt;Total
1987;be; ;pt;Total
1987;at; ;at;Total
1987;at; ;lu;Total
1988;at;1;ch;Total
1988;be;12;ch;Total
1988;dk;10;ch;Total
1988;fi;7;ch;Total
1988;fr;10;ch;Total
1988;de;4;ch;Total
1988;gr;7;ch;Total
1988;is;1;ch;Total
1988;ie;10;ch;Total
1988;il;8;ch;Total
1988;it;12;ch;Total
1988;lu;8;ch;Total
1988;nl;12;ch;Total
1988;no;10;ch;Total
1988;pt;10;ch;Total
1988;es;6;ch;Total
1988;se; ;ch;Total
1988;at;10;gb;Total
1988;be;10;gb;Total
1988;dk;10;gb;Total
1988;fi;6;gb;Total
1988;fr;1;gb;Total
1988;de;7;gb;Total
1988;gr;10;gb;Total
1988;is;12;gb;Total
1988;ie;8;gb;Total
1988;il;5;gb;Total
1988;it;3;gb;Total
1988;lu;10;gb;Total
1988;nl;5;gb;Total
1988;no;5;gb;Total
1988;pt;12;gb;Total
1988;es; ;gb;Total
1988;at;4;dk;Total
1988;be;12;dk;Total
1988;dk;4;dk;Total
1988;fi;10;dk;Total
1988;fr;4;dk;Total
1988;de;6;dk;Total
1988;gr;12;dk;Total
1988;is;10;dk;Total
1988;ie;6;dk;Total
1988;il;1;dk;Total
1988;it;3;dk;Total
1988;lu;1;dk;Total
1988;nl; ;dk;Total
1988;at;2;lu;Total
1988;be;12;lu;Total
1988;dk;2;lu;Total
1988;fi;4;lu;Total
1988;fr;12;lu;Total
1988;de;2;lu;Total
1988;gr;5;lu;Total
1988;is;6;lu;Total
1988;ie;4;lu;Total
1988;il;10;lu;Total
1988;it;12;lu;Total
1988;lu;7;lu;Total
1988;nl;3;lu;Total
1988;no; ;lu;Total
1988;at;5;no;Total
1988;be;7;no;Total
1988;dk;1;no;Total
1988;fi;7;no;Total
1988;fr;5;no;Total
1988;de;8;no;Total
1988;gr;1;no;Total
1988;is;4;no;Total
1988;ie;7;no;Total
1988;il;7;no;Total
1988;it;8;no;Total
1988;lu;12;no;Total
1988;nl;10;no;Total
1988;no; ;no;Total
1988;at;1;yu;Total
1988;be;3;yu;Total
1988;dk;4;yu;Total
1988;fi;12;yu;Total
1988;fr;3;yu;Total
1988;de;12;yu;Total
1988;gr;6;yu;Total
1988;is;7;yu;Total
1988;ie;6;yu;Total
1988;il;2;yu;Total
1988;it;7;yu;Total
1988;lu;8;yu;Total
1988;nl; ;yu;Total
1988;at;6;il;Total
1988;be;10;il;Total
1988;dk;5;il;Total
1988;fi;3;il;Total
1988;fr;6;il;Total
1988;de;1;il;Total
1988;gr;3;il;Total
1988;is;5;il;Total
1988;ie;3;il;Total
1988;il;10;il;Total
1988;it;6;il;Total
1988;lu;10;il;Total
1988;nl;4;il;Total
1988;no;1;il;Total
1988;pt; ;il;Total
1988;at;7;ie;Total
1988;be;2;ie;Total
1988;dk;4;ie;Total
1988;fi;7;ie;Total
1988;fr;6;ie;Total
1988;de;7;ie;Total
1988;gr;5;ie;Total
1988;is;12;ie;Total
1988;ie;7;ie;Total
1988;il;4;ie;Total
1988;it;2;ie;Total
1988;lu;3;ie;Total
1988;nl;2;ie;Total
1988;no; ;ie;Total
1988;at;2;nl;Total
1988;be;7;nl;Total
1988;dk;5;nl;Total
1988;fi;12;nl;Total
1988;fr;7;nl;Total
1988;de;6;nl;Total
1988;gr;6;nl;Total
1988;is;7;nl;Total
1988;ie; ;nl;Total
1988;at;3;fr;Total
1988;be;3;fr;Total
1988;dk;3;fr;Total
1988;fi;5;fr;Total
1988;fr;10;fr;Total
1988;de;2;fr;Total
1988;gr;1;fr;Total
1988;is;1;fr;Total
1988;ie;2;fr;Total
1988;il;2;fr;Total
1988;it;3;fr;Total
1988;lu;8;fr;Total
1988;nl;12;fr;Total
1988;no; ;fr;Total
1988;at;1;es;Total
1988;be;8;es;Total
1988;dk;2;es;Total
1988;fi;2;es;Total
1988;fr;8;es;Total
1988;de;6;es;Total
1988;gr;2;es;Total
1988;is;6;es;Total
1988;ie;5;es;Total
1988;il;4;es;Total
1988;it; ;es;Total
1988;at;3;se;Total
1988;be;5;se;Total
1988;dk;10;se;Total
1988;fi;3;se;Total
1988;fr;8;se;Total
1988;de;12;se;Total
1988;gr;2;se;Total
1988;is; ;se;Total
1988;at;8;it;Total
1988;be;2;it;Total
1988;dk;2;it;Total
1988;fi;3;it;Total
1988;fr;7;it;Total
1988;de;8;it;Total
1988;gr;4;it;Total
1988;is;5;it;Total
1988;ie; ;it;Total
1988;at;6;de;Total
1988;be;5;de;Total
1988;dk;4;de;Total
1988;fi;2;de;Total
1988;fr;3;de;Total
1988;de;1;de;Total
1988;gr;5;de;Total
1988;is;8;de;Total
1988;ie; ;de;Total
1988;at;8;tr;Total
1988;be;4;tr;Total
1988;dk;1;tr;Total
1988;fi;5;tr;Total
1988;fr;4;tr;Total
1988;de;1;tr;Total
1988;gr; ;tr;Total
1988;at;1;is;Total
1988;be;4;is;Total
1988;dk;8;is;Total
1988;fi;1;is;Total
1988;fr; ;is;Total
1988;at; ;gr;Total
1988;at; ;pt;Total
