al;10;ua;Tele
am;10;ua;Tele
au;12;ua;Tele
at;12;ua;Tele
az;12;ua;Tele
be;12;ua;Tele
bg;12;ua;Tele
hr;10;ua;Tele
cy;12;ua;Tele
cz;12;ua;Tele
dk;12;ua;Tele
ee;12;ua;Tele
fi;12;ua;Tele
fr;12;ua;Tele
ge;12;ua;Tele
de;12;ua;Tele
gr;10;ua;Tele
is;12;ua;Tele
ie;12;ua;Tele
il;12;ua;Tele
it;12;ua;Tele
lv;12;ua;Tele
lt;12;ua;Tele
mt;8;ua;Tele
md;12;ua;Tele
me;10;ua;Tele
nl;12;ua;Tele
mk;8;ua;Tele
no;12;ua;Tele
pl;12;ua;Tele
pt;12;ua;Tele
ro;10;ua;Tele
sm;12;ua;Tele
rs;7;ua;Tele
si;10;ua;Tele
es;12;ua;Tele
se;12;ua;Tele
ch;10;ua;Tele
ua;;ua;Tele
gb;12;ua;Tele
al;1;md;Tele
am;5;md;Tele
au;4;md;Tele
at;7;md;Tele
az;;md;Tele
be;8;md;Tele
bg;7;md;Tele
hr;8;md;Tele
cy;;md;Tele
cz;8;md;Tele
dk;5;md;Tele
ee;6;md;Tele
fi;5;md;Tele
fr;10;md;Tele
ge;8;md;Tele
de;10;md;Tele
gr;3;md;Tele
is;6;md;Tele
ie;7;md;Tele
il;6;md;Tele
it;10;md;Tele
lv;7;md;Tele
lt;5;md;Tele
mt;;md;Tele
md;;md;Tele
me;7;md;Tele
nl;10;md;Tele
mk;7;md;Tele
no;4;md;Tele
pl;7;md;Tele
pt;8;md;Tele
ro;12;md;Tele
sm;4;md;Tele
rs;12;md;Tele
si;7;md;Tele
es;7;md;Tele
se;;md;Tele
ch;4;md;Tele
ua;6;md;Tele
gb;8;md;Tele
al;7;es;Tele
am;8;es;Tele
au;6;es;Tele
at;1;es;Tele
az;10;es;Tele
be;6;es;Tele
bg;8;es;Tele
hr;7;es;Tele
cy;8;es;Tele
cz;6;es;Tele
dk;1;es;Tele
ee;1;es;Tele
fi;3;es;Tele
fr;7;es;Tele
ge;6;es;Tele
de;2;es;Tele
gr;12;es;Tele
is;3;es;Tele
ie;5;es;Tele
il;8;es;Tele
it;;es;Tele
lv;4;es;Tele
lt;6;es;Tele
mt;7;es;Tele
md;8;es;Tele
me;8;es;Tele
nl;7;es;Tele
mk;10;es;Tele
no;1;es;Tele
pl;6;es;Tele
pt;10;es;Tele
ro;8;es;Tele
sm;10;es;Tele
rs;10;es;Tele
si;4;es;Tele
es;;es;Tele
se;2;es;Tele
ch;6;es;Tele
ua;1;es;Tele
gb;5;es;Tele
al;3;rs;Tele
am;6;rs;Tele
au;8;rs;Tele
at;10;rs;Tele
az;6;rs;Tele
be;2;rs;Tele
bg;10;rs;Tele
hr;12;rs;Tele
cy;7;rs;Tele
cz;10;rs;Tele
dk;;rs;Tele
ee;;rs;Tele
fi;7;rs;Tele
fr;8;rs;Tele
ge;7;rs;Tele
de;7;rs;Tele
gr;8;rs;Tele
is;1;rs;Tele
ie;1;rs;Tele
il;7;rs;Tele
it;7;rs;Tele
lv;2;rs;Tele
lt;;rs;Tele
mt;6;rs;Tele
md;;rs;Tele
me;12;rs;Tele
nl;3;rs;Tele
mk;12;rs;Tele
no;3;rs;Tele
pl;5;rs;Tele
pt;5;rs;Tele
ro;7;rs;Tele
sm;8;rs;Tele
rs;;rs;Tele
si;12;rs;Tele
es;2;rs;Tele
se;8;rs;Tele
ch;12;rs;Tele
ua;;rs;Tele
gb;1;rs;Tele
al;4;gb;Tele
am;1;gb;Tele
au;7;gb;Tele
at;8;gb;Tele
az;8;gb;Tele
be;3;gb;Tele
bg;3;gb;Tele
hr;;gb;Tele
cy;6;gb;Tele
cz;2;gb;Tele
dk;6;gb;Tele
ee;5;gb;Tele
fi;4;gb;Tele
fr;2;gb;Tele
ge;4;gb;Tele
de;6;gb;Tele
gr;5;gb;Tele
is;7;gb;Tele
ie;6;gb;Tele
il;10;gb;Tele
it;6;gb;Tele
lv;3;gb;Tele
lt;4;gb;Tele
mt;12;gb;Tele
md;3;gb;Tele
me;;gb;Tele
nl;8;gb;Tele
mk;;gb;Tele
no;6;gb;Tele
pl;3;gb;Tele
pt;6;gb;Tele
ro;3;gb;Tele
sm;6;gb;Tele
rs;;gb;Tele
si;;gb;Tele
es;8;gb;Tele
se;6;gb;Tele
ch;5;gb;Tele
ua;7;gb;Tele
gb;;gb;Tele
al;;se;Tele
am;7;se;Tele
au;5;se;Tele
at;6;se;Tele
az;4;se;Tele
be;5;se;Tele
bg;;se;Tele
hr;4;se;Tele
cy;;se;Tele
cz;5;se;Tele
dk;10;se;Tele
ee;10;se;Tele
fi;8;se;Tele
fr;;se;Tele
ge;;se;Tele
de;5;se;Tele
gr;4;se;Tele
is;8;se;Tele
ie;3;se;Tele
il;5;se;Tele
it;5;se;Tele
lv;6;se;Tele
lt;10;se;Tele
mt;5;se;Tele
md;5;se;Tele
me;1;se;Tele
nl;2;se;Tele
mk;4;se;Tele
no;8;se;Tele
pl;10;se;Tele
pt;7;se;Tele
ro;6;se;Tele
sm;3;se;Tele
rs;1;se;Tele
si;5;se;Tele
es;6;se;Tele
se;;se;Tele
ch;3;se;Tele
ua;;se;Tele
gb;4;se;Tele
al;;no;Tele
am;;no;Tele
au;10;no;Tele
at;5;no;Tele
az;7;no;Tele
be;;no;Tele
bg;1;no;Tele
hr;5;no;Tele
cy;;no;Tele
cz;3;no;Tele
dk;8;no;Tele
ee;4;no;Tele
fi;6;no;Tele
fr;;no;Tele
ge;;no;Tele
de;1;no;Tele
gr;6;no;Tele
is;10;no;Tele
ie;4;no;Tele
il;4;no;Tele
it;4;no;Tele
lv;5;no;Tele
lt;2;no;Tele
mt;4;no;Tele
md;6;no;Tele
me;2;no;Tele
nl;5;no;Tele
mk;2;no;Tele
no;;no;Tele
pl;4;no;Tele
pt;2;no;Tele
ro;2;no;Tele
sm;2;no;Tele
rs;8;no;Tele
si;3;no;Tele
es;3;no;Tele
se;10;no;Tele
ch;;no;Tele
ua;2;no;Tele
gb;6;no;Tele
al;8;it;Tele
am;;it;Tele
au;1;it;Tele
at;3;it;Tele
az;5;it;Tele
be;4;it;Tele
bg;2;it;Tele
hr;6;it;Tele
cy;5;it;Tele
cz;;it;Tele
dk;;it;Tele
ee;;it;Tele
fi;;it;Tele
fr;3;it;Tele
ge;;it;Tele
de;3;it;Tele
gr;7;it;Tele
is;;it;Tele
ie;;it;Tele
il;3;it;Tele
it;;it;Tele
lv;;it;Tele
lt;3;it;Tele
mt;10;it;Tele
md;;it;Tele
me;6;it;Tele
nl;;it;Tele
mk;6;it;Tele
no;;it;Tele
pl;;it;Tele
pt;3;it;Tele
ro;4;it;Tele
sm;5;it;Tele
rs;4;it;Tele
si;6;it;Tele
es;5;it;Tele
se;;it;Tele
ch;8;it;Tele
ua;;it;Tele
gb;;it;Tele
al;;pl;Tele
am;;pl;Tele
au;3;pl;Tele
at;4;pl;Tele
az;1;pl;Tele
be;7;pl;Tele
bg;;pl;Tele
hr;;pl;Tele
cy;3;pl;Tele
cz;7;pl;Tele
dk;4;pl;Tele
ee;;pl;Tele
fi;;pl;Tele
fr;4;pl;Tele
ge;;pl;Tele
de;8;pl;Tele
gr;;pl;Tele
is;4;pl;Tele
ie;10;pl;Tele
il;1;pl;Tele
it;3;pl;Tele
lv;;pl;Tele
lt;;pl;Tele
mt;2;pl;Tele
md;;pl;Tele
me;4;pl;Tele
nl;6;pl;Tele
mk;;pl;Tele
no;5;pl;Tele
pl;;pl;Tele
pt;;pl;Tele
ro;;pl;Tele
sm;;pl;Tele
rs;;pl;Tele
si;;pl;Tele
es;1;pl;Tele
se;5;pl;Tele
ch;1;pl;Tele
ua;12;pl;Tele
gb;10;pl;Tele
al;5;ee;Tele
am;12;ee;Tele
au;;ee;Tele
at;;ee;Tele
az;;ee;Tele
be;;ee;Tele
bg;;ee;Tele
hr;2;ee;Tele
cy;;ee;Tele
cz;4;ee;Tele
dk;3;ee;Tele
ee;;ee;Tele
fi;10;ee;Tele
fr;;ee;Tele
ge;;ee;Tele
de;;ee;Tele
gr;;ee;Tele
is;;ee;Tele
ie;;ee;Tele
il;;ee;Tele
it;;ee;Tele
lv;8;ee;Tele
lt;8;ee;Tele
mt;;ee;Tele
md;7;ee;Tele
me;3;ee;Tele
nl;1;ee;Tele
mk;3;ee;Tele
no;2;ee;Tele
pl;8;ee;Tele
pt;;ee;Tele
ro;5;ee;Tele
sm;;ee;Tele
rs;6;ee;Tele
si;;ee;Tele
es;;ee;Tele
se;4;ee;Tele
ch;;ee;Tele
ua;5;ee;Tele
gb;2;ee;Tele
al;;lt;Tele
am;2;lt;Tele
au;2;lt;Tele
at;;lt;Tele
az;;lt;Tele
be;;lt;Tele
bg;;lt;Tele
hr;3;lt;Tele
cy;2;lt;Tele
cz;;lt;Tele
dk;7;lt;Tele
ee;7;lt;Tele
fi;2;lt;Tele
fr;;lt;Tele
ge;5;lt;Tele
de;;lt;Tele
gr;;lt;Tele
is;2;lt;Tele
ie;8;lt;Tele
il;;lt;Tele
it;;lt;Tele
lv;10;lt;Tele
lt;;lt;Tele
mt;;lt;Tele
md;4;lt;Tele
me;;lt;Tele
nl;;lt;Tele
mk;1;lt;Tele
no;10;lt;Tele
pl;2;lt;Tele
pt;1;lt;Tele
ro;;lt;Tele
sm;;lt;Tele
rs;3;lt;Tele
si;2;lt;Tele
es;;lt;Tele
se;3;lt;Tele
ch;;lt;Tele
ua;10;lt;Tele
gb;7;lt;Tele
al;12;gr;Tele
am;3;gr;Tele
au;;gr;Tele
at;;gr;Tele
az;3;gr;Tele
be;;gr;Tele
bg;6;gr;Tele
hr;;gr;Tele
cy;10;gr;Tele
cz;;gr;Tele
dk;;gr;Tele
ee;;gr;Tele
fi;;gr;Tele
fr;;gr;Tele
ge;1;gr;Tele
de;;gr;Tele
gr;;gr;Tele
is;;gr;Tele
ie;;gr;Tele
il;;gr;Tele
it;;gr;Tele
lv;;gr;Tele
lt;;gr;Tele
mt;;gr;Tele
md;;gr;Tele
me;;gr;Tele
nl;;gr;Tele
mk;;gr;Tele
no;7;gr;Tele
pl;;gr;Tele
pt;;gr;Tele
ro;;gr;Tele
sm;7;gr;Tele
rs;;gr;Tele
si;8;gr;Tele
es;;gr;Tele
se;;gr;Tele
ch;;gr;Tele
ua;;gr;Tele
gb;;gr;Tele
al;;ro;Tele
am;;ro;Tele
au;;ro;Tele
at;;ro;Tele
az;;ro;Tele
be;;ro;Tele
bg;4;ro;Tele
hr;;ro;Tele
cy;4;ro;Tele
cz;;ro;Tele
dk;;ro;Tele
ee;;ro;Tele
fi;;ro;Tele
fr;1;ro;Tele
ge;;ro;Tele
de;;ro;Tele
gr;2;ro;Tele
is;;ro;Tele
ie;2;ro;Tele
il;;ro;Tele
it;8;ro;Tele
lv;;ro;Tele
lt;;ro;Tele
mt;3;ro;Tele
md;10;ro;Tele
me;;ro;Tele
nl;;ro;Tele
mk;;ro;Tele
no;;ro;Tele
pl;;ro;Tele
pt;;ro;Tele
ro;;ro;Tele
sm;1;ro;Tele
rs;5;ro;Tele
si;;ro;Tele
es;10;ro;Tele
se;;ro;Tele
ch;;ro;Tele
ua;;ro;Tele
gb;3;ro;Tele
al;6;nl;Tele
am;;nl;Tele
au;;nl;Tele
at;;nl;Tele
az;;nl;Tele
be;10;nl;Tele
bg;;nl;Tele
hr;;nl;Tele
cy;;nl;Tele
cz;;nl;Tele
dk;;nl;Tele
ee;3;nl;Tele
fi;;nl;Tele
fr;;nl;Tele
ge;;nl;Tele
de;4;nl;Tele
gr;;nl;Tele
is;5;nl;Tele
ie;;nl;Tele
il;2;nl;Tele
it;2;nl;Tele
lv;;nl;Tele
lt;1;nl;Tele
mt;;nl;Tele
md;;nl;Tele
me;;nl;Tele
nl;;nl;Tele
mk;;nl;Tele
no;;nl;Tele
pl;;nl;Tele
pt;4;nl;Tele
ro;;nl;Tele
sm;;nl;Tele
rs;;nl;Tele
si;1;nl;Tele
es;;nl;Tele
se;1;nl;Tele
ch;;nl;Tele
ua;3;nl;Tele
gb;;nl;Tele
al;;pt;Tele
am;4;pt;Tele
au;;pt;Tele
at;;pt;Tele
az;;pt;Tele
be;1;pt;Tele
bg;;pt;Tele
hr;;pt;Tele
cy;;pt;Tele
cz;;pt;Tele
dk;;pt;Tele
ee;;pt;Tele
fi;;pt;Tele
fr;6;pt;Tele
ge;;pt;Tele
de;;pt;Tele
gr;;pt;Tele
is;;pt;Tele
ie;;pt;Tele
il;;pt;Tele
it;1;pt;Tele
lv;;pt;Tele
lt;7;pt;Tele
mt;;pt;Tele
md;;pt;Tele
me;5;pt;Tele
nl;;pt;Tele
mk;;pt;Tele
no;;pt;Tele
pl;1;pt;Tele
pt;;pt;Tele
ro;;pt;Tele
sm;;pt;Tele
rs;;pt;Tele
si;;pt;Tele
es;4;pt;Tele
se;;pt;Tele
ch;7;pt;Tele
ua;;pt;Tele
gb;;pt;Tele
al;2;fi;Tele
am;;fi;Tele
au;;fi;Tele
at;;fi;Tele
az;;fi;Tele
be;;fi;Tele
bg;;fi;Tele
hr;;fi;Tele
cy;;fi;Tele
cz;1;fi;Tele
dk;;fi;Tele
ee;8;fi;Tele
fi;;fi;Tele
fr;;fi;Tele
ge;2;fi;Tele
de;;fi;Tele
gr;;fi;Tele
is;;fi;Tele
ie;;fi;Tele
il;;fi;Tele
it;;fi;Tele
lv;1;fi;Tele
lt;;fi;Tele
mt;1;fi;Tele
md;;fi;Tele
me;;fi;Tele
nl;;fi;Tele
mk;;fi;Tele
no;;fi;Tele
pl;;fi;Tele
pt;;fi;Tele
ro;;fi;Tele
sm;;fi;Tele
rs;;fi;Tele
si;;fi;Tele
es;;fi;Tele
se;7;fi;Tele
ch;;fi;Tele
ua;4;fi;Tele
gb;;fi;Tele
al;;am;Tele
am;;am;Tele
au;;am;Tele
at;;am;Tele
az;;am;Tele
be;;am;Tele
bg;5;am;Tele
hr;;am;Tele
cy;1;am;Tele
cz;;am;Tele
dk;;am;Tele
ee;;am;Tele
fi;;am;Tele
fr;5;am;Tele
ge;10;am;Tele
de;;am;Tele
gr;;am;Tele
is;;am;Tele
ie;;am;Tele
il;;am;Tele
it;;am;Tele
lv;;am;Tele
lt;;am;Tele
mt;;am;Tele
md;;am;Tele
me;;am;Tele
nl;;am;Tele
mk;;am;Tele
no;;am;Tele
pl;;am;Tele
pt;;am;Tele
ro;;am;Tele
sm;;am;Tele
rs;;am;Tele
si;;am;Tele
es;;am;Tele
se;;am;Tele
ch;;am;Tele
ua;;am;Tele
gb;;am;Tele
al;;is;Tele
am;;is;Tele
au;;is;Tele
at;;is;Tele
az;;is;Tele
be;;is;Tele
bg;;is;Tele
hr;;is;Tele
cy;;is;Tele
cz;;is;Tele
dk;2;is;Tele
ee;;is;Tele
fi;;is;Tele
fr;;is;Tele
ge;;is;Tele
de;;is;Tele
gr;;is;Tele
is;;is;Tele
ie;;is;Tele
il;;is;Tele
it;;is;Tele
lv;;is;Tele
lt;;is;Tele
mt;;is;Tele
md;;is;Tele
me;;is;Tele
nl;;is;Tele
mk;;is;Tele
no;;is;Tele
pl;;is;Tele
pt;;is;Tele
ro;;is;Tele
sm;;is;Tele
rs;;is;Tele
si;;is;Tele
es;;is;Tele
se;;is;Tele
ch;;is;Tele
ua;8;is;Tele
gb;;is;Tele
al;;fr;Tele
am;;fr;Tele
au;;fr;Tele
at;;fr;Tele
az;;fr;Tele
be;;fr;Tele
bg;;fr;Tele
hr;1;fr;Tele
cy;;fr;Tele
cz;;fr;Tele
dk;;fr;Tele
ee;;fr;Tele
fi;1;fr;Tele
fr;;fr;Tele
ge;;fr;Tele
de;;fr;Tele
gr;1;fr;Tele
is;;fr;Tele
ie;;fr;Tele
il;;fr;Tele
it;;fr;Tele
lv;;fr;Tele
lt;;fr;Tele
mt;;fr;Tele
md;2;fr;Tele
me;;fr;Tele
nl;;fr;Tele
mk;;fr;Tele
no;;fr;Tele
pl;;fr;Tele
pt;;fr;Tele
ro;1;fr;Tele
sm;;fr;Tele
rs;2;fr;Tele
si;;fr;Tele
es;;fr;Tele
se;;fr;Tele
ch;;fr;Tele
ua;;fr;Tele
gb;;fr;Tele
al;;de;Tele
am;;de;Tele
au;;de;Tele
at;2;de;Tele
az;;de;Tele
be;;de;Tele
bg;;de;Tele
hr;;de;Tele
cy;;de;Tele
cz;;de;Tele
dk;;de;Tele
ee;2;de;Tele
fi;;de;Tele
fr;;de;Tele
ge;;de;Tele
de;;de;Tele
gr;;de;Tele
is;;de;Tele
ie;;de;Tele
il;;de;Tele
it;;de;Tele
lv;;de;Tele
lt;;de;Tele
mt;;de;Tele
md;;de;Tele
me;;de;Tele
nl;;de;Tele
mk;;de;Tele
no;;de;Tele
pl;;de;Tele
pt;;de;Tele
ro;;de;Tele
sm;;de;Tele
rs;;de;Tele
si;;de;Tele
es;;de;Tele
se;;de;Tele
ch;2;de;Tele
ua;;de;Tele
gb;;de;Tele
al;;be;Tele
am;;be;Tele
au;;be;Tele
at;;be;Tele
az;;be;Tele
be;;be;Tele
bg;;be;Tele
hr;;be;Tele
cy;;be;Tele
cz;;be;Tele
dk;;be;Tele
ee;;be;Tele
fi;;be;Tele
fr;;be;Tele
ge;;be;Tele
de;;be;Tele
gr;;be;Tele
is;;be;Tele
ie;;be;Tele
il;;be;Tele
it;;be;Tele
lv;;be;Tele
lt;;be;Tele
mt;;be;Tele
md;1;be;Tele
me;;be;Tele
nl;4;be;Tele
mk;;be;Tele
no;;be;Tele
pl;;be;Tele
pt;;be;Tele
ro;;be;Tele
sm;;be;Tele
rs;;be;Tele
si;;be;Tele
es;;be;Tele
se;;be;Tele
ch;;be;Tele
ua;;be;Tele
gb;;be;Tele
al;;cz;Tele
am;;cz;Tele
au;;cz;Tele
at;;cz;Tele
az;;cz;Tele
be;;cz;Tele
bg;;cz;Tele
hr;;cz;Tele
cy;;cz;Tele
cz;;cz;Tele
dk;;cz;Tele
ee;;cz;Tele
fi;;cz;Tele
fr;;cz;Tele
ge;;cz;Tele
de;;cz;Tele
gr;;cz;Tele
is;;cz;Tele
ie;;cz;Tele
il;;cz;Tele
it;;cz;Tele
lv;;cz;Tele
lt;;cz;Tele
mt;;cz;Tele
md;;cz;Tele
me;;cz;Tele
nl;;cz;Tele
mk;5;cz;Tele
no;;cz;Tele
pl;;cz;Tele
pt;;cz;Tele
ro;;cz;Tele
sm;;cz;Tele
rs;;cz;Tele
si;;cz;Tele
es;;cz;Tele
se;;cz;Tele
ch;;cz;Tele
ua;;cz;Tele
gb;;cz;Tele
al;;az;Tele
am;;az;Tele
au;;az;Tele
at;;az;Tele
az;;az;Tele
be;;az;Tele
bg;;az;Tele
hr;;az;Tele
cy;;az;Tele
cz;;az;Tele
dk;;az;Tele
ee;;az;Tele
fi;;az;Tele
fr;;az;Tele
ge;3;az;Tele
de;;az;Tele
gr;;az;Tele
is;;az;Tele
ie;;az;Tele
il;;az;Tele
it;;az;Tele
lv;;az;Tele
lt;;az;Tele
mt;;az;Tele
md;;az;Tele
me;;az;Tele
nl;;az;Tele
mk;;az;Tele
no;;az;Tele
pl;;az;Tele
pt;;az;Tele
ro;;az;Tele
sm;;az;Tele
rs;;az;Tele
si;;az;Tele
es;;az;Tele
se;;az;Tele
ch;;az;Tele
ua;;az;Tele
gb;;az;Tele
al;;au;Tele
am;;au;Tele
au;;au;Tele
at;;au;Tele
az;2;au;Tele
be;;au;Tele
bg;;au;Tele
hr;;au;Tele
cy;;au;Tele
cz;;au;Tele
dk;;au;Tele
ee;;au;Tele
fi;;au;Tele
fr;;au;Tele
ge;;au;Tele
de;;au;Tele
gr;;au;Tele
is;;au;Tele
ie;;au;Tele
il;;au;Tele
it;;au;Tele
lv;;au;Tele
lt;;au;Tele
mt;;au;Tele
md;;au;Tele
me;;au;Tele
nl;;au;Tele
mk;;au;Tele
no;;au;Tele
pl;;au;Tele
pt;;au;Tele
ro;;au;Tele
sm;;au;Tele
rs;;au;Tele
si;;au;Tele
es;;au;Tele
se;;au;Tele
ch;;au;Tele
ua;;au;Tele
gb;;au;Tele
al;;ch;Tele
am;;ch;Tele
au;;ch;Tele
at;;ch;Tele
az;;ch;Tele
be;;ch;Tele
bg;;ch;Tele
hr;;ch;Tele
cy;;ch;Tele
cz;;ch;Tele
dk;;ch;Tele
ee;;ch;Tele
fi;;ch;Tele
fr;;ch;Tele
ge;;ch;Tele
de;;ch;Tele
gr;;ch;Tele
is;;ch;Tele
ie;;ch;Tele
il;;ch;Tele
it;;ch;Tele
lv;;ch;Tele
lt;;ch;Tele
mt;;ch;Tele
md;;ch;Tele
me;;ch;Tele
nl;;ch;Tele
mk;;ch;Tele
no;;ch;Tele
pl;;ch;Tele
pt;;ch;Tele
ro;;ch;Tele
sm;;ch;Tele
rs;;ch;Tele
si;;ch;Tele
es;;ch;Tele
se;;ch;Tele
ch;;ch;Tele
ua;;ch;Tele
gb;;ch;Tele
al;10;gb;Jury
am;;gb;Jury
au;;gb;Jury
at;12;gb;Jury
az;12;gb;Jury
be;12;gb;Jury
bg;10;gb;Jury
hr;;gb;Jury
cy;3;gb;Jury
cz;12;gb;Jury
dk;6;gb;Jury
ee;4;gb;Jury
fi;10;gb;Jury
fr;12;gb;Jury
ge;12;gb;Jury
de;12;gb;Jury
gr;;gb;Jury
is;7;gb;Jury
ie;8;gb;Jury
il;10;gb;Jury
it;6;gb;Jury
lv;8;gb;Jury
lt;10;gb;Jury
mt;8;gb;Jury
md;10;gb;Jury
me;5;gb;Jury
nl;4;gb;Jury
mk;8;gb;Jury
no;6;gb;Jury
pl;8;gb;Jury
pt;10;gb;Jury
ro;8;gb;Jury
sm;8;gb;Jury
rs;1;gb;Jury
si;2;gb;Jury
es;3;gb;Jury
se;8;gb;Jury
ch;6;gb;Jury
ua;12;gb;Jury
gb;;gb;Jury
al;8;se;Jury
am;5;se;Jury
au;10;se;Jury
at;7;se;Jury
az;8;se;Jury
be;7;se;Jury
bg;;se;Jury
hr;5;se;Jury
cy;5;se;Jury
cz;10;se;Jury
dk;7;se;Jury
ee;12;se;Jury
fi;12;se;Jury
fr;;se;Jury
ge;8;se;Jury
de;7;se;Jury
gr;;se;Jury
is;12;se;Jury
ie;10;se;Jury
il;12;se;Jury
it;;se;Jury
lv;10;se;Jury
lt;3;se;Jury
mt;10;se;Jury
md;8;se;Jury
me;7;se;Jury
nl;1;se;Jury
mk;6;se;Jury
no;8;se;Jury
pl;10;se;Jury
pt;;se;Jury
ro;10;se;Jury
sm;5;se;Jury
rs;5;se;Jury
si;;se;Jury
es;7;se;Jury
se;;se;Jury
ch;7;se;Jury
ua;4;se;Jury
gb;12;se;Jury
al;5;es;Jury
am;12;es;Jury
au;12;es;Jury
at;2;es;Jury
az;5;es;Jury
be;10;es;Jury
bg;8;es;Jury
hr;6;es;Jury
cy;6;es;Jury
cz;7;es;Jury
dk;4;es;Jury
ee;;es;Jury
fi;;es;Jury
fr;5;es;Jury
ge;5;es;Jury
de;8;es;Jury
gr;5;es;Jury
is;3;es;Jury
ie;12;es;Jury
il;3;es;Jury
it;;es;Jury
lv;;es;Jury
lt;5;es;Jury
mt;12;es;Jury
md;3;es;Jury
me;8;es;Jury
nl;5;es;Jury
mk;12;es;Jury
no;7;es;Jury
pl;1;es;Jury
pt;12;es;Jury
ro;1;es;Jury
sm;12;es;Jury
rs;4;es;Jury
si;1;es;Jury
es;;es;Jury
se;12;es;Jury
ch;8;es;Jury
ua;;es;Jury
gb;10;es;Jury
al;7;ua;Jury
am;6;ua;Jury
au;7;ua;Jury
at;;ua;Jury
az;6;ua;Jury
be;6;ua;Jury
bg;;ua;Jury
hr;8;ua;Jury
cy;7;ua;Jury
cz;4;ua;Jury
dk;5;ua;Jury
ee;;ua;Jury
fi;;ua;Jury
fr;10;ua;Jury
ge;6;ua;Jury
de;10;ua;Jury
gr;;ua;Jury
is;10;ua;Jury
ie;3;ua;Jury
il;7;ua;Jury
it;;ua;Jury
lv;12;ua;Jury
lt;12;ua;Jury
mt;;ua;Jury
md;12;ua;Jury
me;6;ua;Jury
nl;;ua;Jury
mk;;ua;Jury
no;3;ua;Jury
pl;12;ua;Jury
pt;8;ua;Jury
ro;12;ua;Jury
sm;2;ua;Jury
rs;;ua;Jury
si;8;ua;Jury
es;;ua;Jury
se;;ua;Jury
ch;3;ua;Jury
ua;;ua;Jury
gb;;ua;Jury
al;1;pt;Jury
am;8;pt;Jury
au;6;pt;Jury
at;10;pt;Jury
az;7;pt;Jury
be;5;pt;Jury
bg;4;pt;Jury
hr;10;pt;Jury
cy;;pt;Jury
cz;5;pt;Jury
dk;8;pt;Jury
ee;7;pt;Jury
fi;;pt;Jury
fr;1;pt;Jury
ge;7;pt;Jury
de;;pt;Jury
gr;3;pt;Jury
is;5;pt;Jury
ie;4;pt;Jury
il;;pt;Jury
it;;pt;Jury
lv;6;pt;Jury
lt;8;pt;Jury
mt;;pt;Jury
md;2;pt;Jury
me;4;pt;Jury
nl;8;pt;Jury
mk;;pt;Jury
no;10;pt;Jury
pl;7;pt;Jury
pt;;pt;Jury
ro;7;pt;Jury
sm;;pt;Jury
rs;7;pt;Jury
si;3;pt;Jury
es;;pt;Jury
se;;pt;Jury
ch;5;pt;Jury
ua;10;pt;Jury
gb;3;pt;Jury
al;12;it;Jury
am;10;it;Jury
au;3;it;Jury
at;3;it;Jury
az;10;it;Jury
be;8;it;Jury
bg;1;it;Jury
hr;4;it;Jury
cy;1;it;Jury
cz;;it;Jury
dk;;it;Jury
ee;10;it;Jury
fi;2;it;Jury
fr;;it;Jury
ge;10;it;Jury
de;;it;Jury
gr;1;it;Jury
is;6;it;Jury
ie;6;it;Jury
il;8;it;Jury
it;;it;Jury
lv;;it;Jury
lt;4;it;Jury
mt;7;it;Jury
md;;it;Jury
me;10;it;Jury
nl;;it;Jury
mk;7;it;Jury
no;;it;Jury
pl;4;it;Jury
pt;;it;Jury
ro;4;it;Jury
sm;3;it;Jury
rs;;it;Jury
si;12;it;Jury
es;10;it;Jury
se;;it;Jury
ch;2;it;Jury
ua;;it;Jury
gb;;it;Jury
al;;gr;Jury
am;2;gr;Jury
au;;gr;Jury
at;4;gr;Jury
az;3;gr;Jury
be;;gr;Jury
bg;12;gr;Jury
hr;3;gr;Jury
cy;12;gr;Jury
cz;3;gr;Jury
dk;12;gr;Jury
ee;6;gr;Jury
fi;6;gr;Jury
fr;3;gr;Jury
ge;3;gr;Jury
de;;gr;Jury
gr;;gr;Jury
is;;gr;Jury
ie;;gr;Jury
il;;gr;Jury
it;10;gr;Jury
lv;7;gr;Jury
lt;;gr;Jury
mt;1;gr;Jury
md;;gr;Jury
me;;gr;Jury
nl;12;gr;Jury
mk;;gr;Jury
no;12;gr;Jury
pl;2;gr;Jury
pt;4;gr;Jury
ro;2;gr;Jury
sm;10;gr;Jury
rs;;gr;Jury
si;4;gr;Jury
es;2;gr;Jury
se;;gr;Jury
ch;12;gr;Jury
ua;7;gr;Jury
gb;4;gr;Jury
al;6;nl;Jury
am;4;nl;Jury
au;;nl;Jury
at;8;nl;Jury
az;4;nl;Jury
be;;nl;Jury
bg;;nl;Jury
hr;2;nl;Jury
cy;;nl;Jury
cz;;nl;Jury
dk;10;nl;Jury
ee;1;nl;Jury
fi;5;nl;Jury
fr;4;nl;Jury
ge;4;nl;Jury
de;4;nl;Jury
gr;4;nl;Jury
is;4;nl;Jury
ie;;nl;Jury
il;1;nl;Jury
it;12;nl;Jury
lv;4;nl;Jury
lt;6;nl;Jury
mt;;nl;Jury
md;;nl;Jury
me;3;nl;Jury
nl;;nl;Jury
mk;;nl;Jury
no;5;nl;Jury
pl;3;nl;Jury
pt;7;nl;Jury
ro;3;nl;Jury
sm;;nl;Jury
rs;;nl;Jury
si;7;nl;Jury
es;;nl;Jury
se;;nl;Jury
ch;10;nl;Jury
ua;8;nl;Jury
gb;;nl;Jury
al;;au;Jury
am;;au;Jury
au;;au;Jury
at;;au;Jury
az;;au;Jury
be;1;au;Jury
bg;;au;Jury
hr;;au;Jury
cy;8;au;Jury
cz;1;au;Jury
dk;;au;Jury
ee;8;au;Jury
fi;8;au;Jury
fr;;au;Jury
ge;;au;Jury
de;5;au;Jury
gr;8;au;Jury
is;;au;Jury
ie;2;au;Jury
il;5;au;Jury
it;2;au;Jury
lv;2;au;Jury
lt;;au;Jury
mt;6;au;Jury
md;6;au;Jury
me;;au;Jury
nl;7;au;Jury
mk;5;au;Jury
no;;au;Jury
pl;6;au;Jury
pt;;au;Jury
ro;6;au;Jury
sm;6;au;Jury
rs;;au;Jury
si;;au;Jury
es;8;au;Jury
se;10;au;Jury
ch;4;au;Jury
ua;3;au;Jury
gb;6;au;Jury
al;3;az;Jury
am;;az;Jury
au;2;az;Jury
at;;az;Jury
az;;az;Jury
be;3;az;Jury
bg;3;az;Jury
hr;;az;Jury
cy;10;az;Jury
cz;;az;Jury
dk;;az;Jury
ee;3;az;Jury
fi;3;az;Jury
fr;;az;Jury
ge;;az;Jury
de;6;az;Jury
gr;12;az;Jury
is;;az;Jury
ie;;az;Jury
il;;az;Jury
it;;az;Jury
lv;;az;Jury
lt;;az;Jury
mt;2;az;Jury
md;1;az;Jury
me;1;az;Jury
nl;;az;Jury
mk;4;az;Jury
no;;az;Jury
pl;;az;Jury
pt;;az;Jury
ro;;az;Jury
sm;7;az;Jury
rs;12;az;Jury
si;;az;Jury
es;12;az;Jury
se;7;az;Jury
ch;;az;Jury
ua;5;az;Jury
gb;7;az;Jury
al;;rs;Jury
am;;rs;Jury
au;8;rs;Jury
at;;rs;Jury
az;;rs;Jury
be;4;rs;Jury
bg;;rs;Jury
hr;12;rs;Jury
cy;4;rs;Jury
cz;;rs;Jury
dk;;rs;Jury
ee;;rs;Jury
fi;7;rs;Jury
fr;;rs;Jury
ge;;rs;Jury
de;;rs;Jury
gr;;rs;Jury
is;;rs;Jury
ie;5;rs;Jury
il;;rs;Jury
it;4;rs;Jury
lv;;rs;Jury
lt;1;rs;Jury
mt;;rs;Jury
md;;rs;Jury
me;12;rs;Jury
nl;;rs;Jury
mk;10;rs;Jury
no;;rs;Jury
pl;;rs;Jury
pt;3;rs;Jury
ro;;rs;Jury
sm;;rs;Jury
rs;;rs;Jury
si;6;rs;Jury
es;6;rs;Jury
se;4;rs;Jury
ch;;rs;Jury
ua;;rs;Jury
gb;1;rs;Jury
al;;ch;Jury
am;;ch;Jury
au;;ch;Jury
at;1;ch;Jury
az;;ch;Jury
be;;ch;Jury
bg;7;ch;Jury
hr;1;ch;Jury
cy;;ch;Jury
cz;6;ch;Jury
dk;2;ch;Jury
ee;;ch;Jury
fi;;ch;Jury
fr;;ch;Jury
ge;;ch;Jury
de;2;ch;Jury
gr;;ch;Jury
is;;ch;Jury
ie;;ch;Jury
il;;ch;Jury
it;3;ch;Jury
lv;3;ch;Jury
lt;7;ch;Jury
mt;;ch;Jury
md;7;ch;Jury
me;;ch;Jury
nl;10;ch;Jury
mk;1;ch;Jury
no;1;ch;Jury
pl;5;ch;Jury
pt;2;ch;Jury
ro;5;ch;Jury
sm;1;ch;Jury
rs;;ch;Jury
si;5;ch;Jury
es;1;ch;Jury
se;;ch;Jury
ch;;ch;Jury
ua;6;ch;Jury
gb;2;ch;Jury
al;2;be;Jury
am;;be;Jury
au;5;be;Jury
at;;be;Jury
az;;be;Jury
be;;be;Jury
bg;6;be;Jury
hr;;be;Jury
cy;2;be;Jury
cz;;be;Jury
dk;;be;Jury
ee;;be;Jury
fi;;be;Jury
fr;6;be;Jury
ge;;be;Jury
de;;be;Jury
gr;;be;Jury
is;;be;Jury
ie;;be;Jury
il;4;be;Jury
it;7;be;Jury
lv;;be;Jury
lt;;be;Jury
mt;;be;Jury
md;4;be;Jury
me;;be;Jury
nl;6;be;Jury
mk;3;be;Jury
no;;be;Jury
pl;;be;Jury
pt;;be;Jury
ro;;be;Jury
sm;;be;Jury
rs;8;be;Jury
si;;be;Jury
es;5;be;Jury
se;1;be;Jury
ch;;be;Jury
ua;;be;Jury
gb;;be;Jury
al;;pl;Jury
am;;pl;Jury
au;;pl;Jury
at;;pl;Jury
az;2;pl;Jury
be;;pl;Jury
bg;;pl;Jury
hr;;pl;Jury
cy;;pl;Jury
cz;;pl;Jury
dk;;pl;Jury
ee;;pl;Jury
fi;;pl;Jury
fr;8;pl;Jury
ge;2;pl;Jury
de;;pl;Jury
gr;10;pl;Jury
is;;pl;Jury
ie;;pl;Jury
il;6;pl;Jury
it;;pl;Jury
lv;;pl;Jury
lt;;pl;Jury
mt;4;pl;Jury
md;;pl;Jury
me;;pl;Jury
nl;;pl;Jury
mk;2;pl;Jury
no;;pl;Jury
pl;;pl;Jury
pt;;pl;Jury
ro;;pl;Jury
sm;4;pl;Jury
rs;;pl;Jury
si;;pl;Jury
es;;pl;Jury
se;;pl;Jury
ch;;pl;Jury
ua;;pl;Jury
gb;8;pl;Jury
al;;ee;Jury
am;3;ee;Jury
au;1;ee;Jury
at;;ee;Jury
az;;ee;Jury
be;;ee;Jury
bg;;ee;Jury
hr;;ee;Jury
cy;;ee;Jury
cz;8;ee;Jury
dk;;ee;Jury
ee;;ee;Jury
fi;;ee;Jury
fr;;ee;Jury
ge;;ee;Jury
de;;ee;Jury
gr;;ee;Jury
is;;ee;Jury
ie;;ee;Jury
il;;ee;Jury
it;;ee;Jury
lv;;ee;Jury
lt;;ee;Jury
mt;5;ee;Jury
md;5;ee;Jury
me;;ee;Jury
nl;;ee;Jury
mk;;ee;Jury
no;;ee;Jury
pl;;ee;Jury
pt;;ee;Jury
ro;;ee;Jury
sm;;ee;Jury
rs;10;ee;Jury
si;;ee;Jury
es;;ee;Jury
se;6;ee;Jury
ch;;ee;Jury
ua;;ee;Jury
gb;5;ee;Jury
al;4;am;Jury
am;;am;Jury
au;;am;Jury
at;6;am;Jury
az;;am;Jury
be;;am;Jury
bg;5;am;Jury
hr;;am;Jury
cy;;am;Jury
cz;;am;Jury
dk;;am;Jury
ee;;am;Jury
fi;1;am;Jury
fr;7;am;Jury
ge;;am;Jury
de;;am;Jury
gr;;am;Jury
is;;am;Jury
ie;;am;Jury
il;;am;Jury
it;8;am;Jury
lv;;am;Jury
lt;;am;Jury
mt;;am;Jury
md;;am;Jury
me;;am;Jury
nl;;am;Jury
mk;;am;Jury
no;4;am;Jury
pl;;am;Jury
pt;1;am;Jury
ro;;am;Jury
sm;;am;Jury
rs;;am;Jury
si;;am;Jury
es;;am;Jury
se;2;am;Jury
ch;;am;Jury
ua;2;am;Jury
gb;;am;Jury
al;;no;Jury
am;;no;Jury
au;;no;Jury
at;5;no;Jury
az;;no;Jury
be;;no;Jury
bg;2;no;Jury
hr;;no;Jury
cy;;no;Jury
cz;2;no;Jury
dk;;no;Jury
ee;;no;Jury
fi;4;no;Jury
fr;;no;Jury
ge;;no;Jury
de;3;no;Jury
gr;;no;Jury
is;8;no;Jury
ie;;no;Jury
il;;no;Jury
it;;no;Jury
lv;5;no;Jury
lt;;no;Jury
mt;;no;Jury
md;;no;Jury
me;;no;Jury
nl;3;no;Jury
mk;;no;Jury
no;;no;Jury
pl;;no;Jury
pt;;no;Jury
ro;;no;Jury
sm;;no;Jury
rs;;no;Jury
si;;no;Jury
es;;no;Jury
se;3;no;Jury
ch;1;no;Jury
ua;;no;Jury
gb;;no;Jury
al;;lt;Jury
am;;lt;Jury
au;;lt;Jury
at;;lt;Jury
az;;lt;Jury
be;;lt;Jury
bg;;lt;Jury
hr;7;lt;Jury
cy;;lt;Jury
cz;;lt;Jury
dk;3;lt;Jury
ee;2;lt;Jury
fi;;lt;Jury
fr;;lt;Jury
ge;;lt;Jury
de;;lt;Jury
gr;;lt;Jury
is;1;lt;Jury
ie;;lt;Jury
il;;lt;Jury
it;;lt;Jury
lv;1;lt;Jury
lt;;lt;Jury
mt;;lt;Jury
md;;lt;Jury
me;2;lt;Jury
nl;;lt;Jury
mk;;lt;Jury
no;2;lt;Jury
pl;;lt;Jury
pt;5;lt;Jury
ro;;lt;Jury
sm;;lt;Jury
rs;2;lt;Jury
si;10;lt;Jury
es;;lt;Jury
se;;lt;Jury
ch;;lt;Jury
ua;;lt;Jury
gb;;lt;Jury
al;;cz;Jury
am;;cz;Jury
au;4;cz;Jury
at;;cz;Jury
az;;cz;Jury
be;2;cz;Jury
bg;;cz;Jury
hr;;cz;Jury
cy;;cz;Jury
cz;;cz;Jury
dk;;cz;Jury
ee;;cz;Jury
fi;;cz;Jury
fr;2;cz;Jury
ge;;cz;Jury
de;;cz;Jury
gr;2;cz;Jury
is;2;cz;Jury
ie;7;cz;Jury
il;2;cz;Jury
it;;cz;Jury
lv;;cz;Jury
lt;;cz;Jury
mt;3;cz;Jury
md;;cz;Jury
me;;cz;Jury
nl;;cz;Jury
mk;;cz;Jury
no;;cz;Jury
pl;;cz;Jury
pt;;cz;Jury
ro;;cz;Jury
sm;;cz;Jury
rs;3;cz;Jury
si;;cz;Jury
es;;cz;Jury
se;5;cz;Jury
ch;;cz;Jury
ua;1;cz;Jury
gb;;cz;Jury
al;;md;Jury
am;1;md;Jury
au;;md;Jury
at;;md;Jury
az;;md;Jury
be;;md;Jury
bg;;md;Jury
hr;;md;Jury
cy;;md;Jury
cz;;md;Jury
dk;;md;Jury
ee;;md;Jury
fi;;md;Jury
fr;;md;Jury
ge;;md;Jury
de;;md;Jury
gr;6;md;Jury
is;;md;Jury
ie;;md;Jury
il;;md;Jury
it;5;md;Jury
lv;;md;Jury
lt;;md;Jury
mt;;md;Jury
md;;md;Jury
me;;md;Jury
nl;2;md;Jury
mk;;md;Jury
no;;md;Jury
pl;;md;Jury
pt;;md;Jury
ro;;md;Jury
sm;;md;Jury
rs;;md;Jury
si;;md;Jury
es;;md;Jury
se;;md;Jury
ch;;md;Jury
ua;;md;Jury
gb;;md;Jury
al;;ro;Jury
am;;ro;Jury
au;;ro;Jury
at;;ro;Jury
az;;ro;Jury
be;;ro;Jury
bg;;ro;Jury
hr;;ro;Jury
cy;;ro;Jury
cz;;ro;Jury
dk;;ro;Jury
ee;;ro;Jury
fi;;ro;Jury
fr;;ro;Jury
ge;;ro;Jury
de;1;ro;Jury
gr;7;ro;Jury
is;;ro;Jury
ie;;ro;Jury
il;;ro;Jury
it;;ro;Jury
lv;;ro;Jury
lt;;ro;Jury
mt;;ro;Jury
md;;ro;Jury
me;;ro;Jury
nl;;ro;Jury
mk;;ro;Jury
no;;ro;Jury
pl;;ro;Jury
pt;;ro;Jury
ro;;ro;Jury
sm;;ro;Jury
rs;;ro;Jury
si;;ro;Jury
es;4;ro;Jury
se;;ro;Jury
ch;;ro;Jury
ua;;ro;Jury
gb;;ro;Jury
al;;fi;Jury
am;;fi;Jury
au;;fi;Jury
at;;fi;Jury
az;;fi;Jury
be;;fi;Jury
bg;;fi;Jury
hr;;fi;Jury
cy;;fi;Jury
cz;;fi;Jury
dk;;fi;Jury
ee;5;fi;Jury
fi;;fi;Jury
fr;;fi;Jury
ge;;fi;Jury
de;;fi;Jury
gr;;fi;Jury
is;;fi;Jury
ie;;fi;Jury
il;;fi;Jury
it;1;fi;Jury
lv;;fi;Jury
lt;;fi;Jury
mt;;fi;Jury
md;;fi;Jury
me;;fi;Jury
nl;;fi;Jury
mk;;fi;Jury
no;;fi;Jury
pl;;fi;Jury
pt;;fi;Jury
ro;;fi;Jury
sm;;fi;Jury
rs;6;fi;Jury
si;;fi;Jury
es;;fi;Jury
se;;fi;Jury
ch;;fi;Jury
ua;;fi;Jury
gb;;fi;Jury
al;;is;Jury
am;;is;Jury
au;;is;Jury
at;;is;Jury
az;;is;Jury
be;;is;Jury
bg;;is;Jury
hr;;is;Jury
cy;;is;Jury
cz;;is;Jury
dk;1;is;Jury
ee;;is;Jury
fi;;is;Jury
fr;;is;Jury
ge;;is;Jury
de;;is;Jury
gr;;is;Jury
is;;is;Jury
ie;1;is;Jury
il;;is;Jury
it;;is;Jury
lv;;is;Jury
lt;2;is;Jury
mt;;is;Jury
md;;is;Jury
me;;is;Jury
nl;;is;Jury
mk;;is;Jury
no;;is;Jury
pl;;is;Jury
pt;6;is;Jury
ro;;is;Jury
sm;;is;Jury
rs;;is;Jury
si;;is;Jury
es;;is;Jury
se;;is;Jury
ch;;is;Jury
ua;;is;Jury
gb;;is;Jury
al;;fr;Jury
am;7;fr;Jury
au;;fr;Jury
at;;fr;Jury
az;1;fr;Jury
be;;fr;Jury
bg;;fr;Jury
hr;;fr;Jury
cy;;fr;Jury
cz;;fr;Jury
dk;;fr;Jury
ee;;fr;Jury
fi;;fr;Jury
fr;;fr;Jury
ge;1;fr;Jury
de;;fr;Jury
gr;;fr;Jury
is;;fr;Jury
ie;;fr;Jury
il;;fr;Jury
it;;fr;Jury
lv;;fr;Jury
lt;;fr;Jury
mt;;fr;Jury
md;;fr;Jury
me;;fr;Jury
nl;;fr;Jury
mk;;fr;Jury
no;;fr;Jury
pl;;fr;Jury
pt;;fr;Jury
ro;;fr;Jury
sm;;fr;Jury
rs;;fr;Jury
si;;fr;Jury
es;;fr;Jury
se;;fr;Jury
ch;;fr;Jury
ua;;fr;Jury
gb;;fr;Jury
al;;de;Jury
am;;de;Jury
au;;de;Jury
at;;de;Jury
az;;de;Jury
be;;de;Jury
bg;;de;Jury
hr;;de;Jury
cy;;de;Jury
cz;;de;Jury
dk;;de;Jury
ee;;de;Jury
fi;;de;Jury
fr;;de;Jury
ge;;de;Jury
de;;de;Jury
gr;;de;Jury
is;;de;Jury
ie;;de;Jury
il;;de;Jury
it;;de;Jury
lv;;de;Jury
lt;;de;Jury
mt;;de;Jury
md;;de;Jury
me;;de;Jury
nl;;de;Jury
mk;;de;Jury
no;;de;Jury
pl;;de;Jury
pt;;de;Jury
ro;;de;Jury
sm;;de;Jury
rs;;de;Jury
si;;de;Jury
es;;de;Jury
se;;de;Jury
ch;;de;Jury
ua;;de;Jury
gb;;de;Jury
